Unnamed: 0,Symbol,Name,Company is Active,Company Founded Date,Country of Primary Listing Iso3,CUSIP,Date Of First Trade,Entity Country HQ,Entity Credit Parent,NACE,Exchange Name (FS),FE Ticker,ISIN,Primary Equity Listing,Proper Name,Public Company,Region Ticker,Sec is Primary Issue,Sec Type,SEDOL,NACE_letter,Report,NACE_lvl_3
2,ID1000167901,PT Cilacap Samudera Fishing Industry Tbk,0,1999.0,IDN,Y129H6108,20220527.0,IDN,@NA,3.12,INDONESIA,ASHA-ID,ID1000167901,BMBMZG,PT Cilacap Samudera Fishing Industry Tbk,1.0,ASHA-ID,0,SHARE,BMBMZG9,A,PT Cilacap Samudera Fishing Industry Tbk3.pdf,03.1
10,ARP331091024,Cresud SA,1,1936.0,ARG,P3311R127,19850102.0,ARG,001MSF-E,1.61,BUENOS AIRES,CRES-AR,ARP331091024,223338,Cresud SA,1.0,CRES-AR,1,SHARE,2233387,A,Cresud SA1.pdf,01.6
11,LU0611262873,KSG Agro SA,1,2010.0,POL,L5903L107,20110505.0,UKR,0BRK63-E,1.5,WARSAW,KSG-PL,LU0611262873,B42XFB,KSG Agro SA,1.0,KSG-PL,1,SHARE,B42XFB0,A,KSG Agro SA1.pdf,01.5
15,LK0297N00008,Kahawatte Plantations PLC,1,1992.0,LKA,Y44954108,19990610.0,LKA,081QN4-E,1.61,COLOMBO,KAHA.N0000-LK,LK0297N00008,613927,Kahawatte Plantations PLC,1.0,KAHA.N0000-LK,1,SHARE,6139276,A,Kahawatte Plantations PLC1.pdf,01.6
16,INE594O01015,R J Bio-Tech Ltd.,0,2005.0,IND,Y73126107,20130925.0,IND,@NA,1.5,BSE INDIA,@NA,INE594O01015,BF49P8,R J Bio-Tech Ltd.,1.0,536456-IN,0,SHARE,BF49P80,A,R J Bio-Tech Ltd.2.pdf,01.5
21,AU000000CSS3,Clean Seas Seafood Limited,1,2000.0,AUS,Q2508T119,20051212.0,AUS,007SZ9-E,3.21,ASX,CSS-AU,AU000000CSS3,B0PFW9,Clean Seas Seafood Limited,1.0,CSS-AU,1,SHARE,B0PFW92,A,Clean Seas Seafood Limited2.pdf,03.2
25,NO0010310956,SalMar ASA,1,1991.0,NOR,R7445C102,20070508.0,NOR,05LH44-E,3.21,OSLO,SALM-NO,NO0010310956,B1W5NW,SalMar ASA,1.0,SALM-NO,1,SHARE,B1W5NW2,A,SalMar ASA1.pdf,03.2
27,PLBMSEP00011,Biomass Energy Project SA,1,2011.0,POL,X0R3ZY106,20121207.0,POL,@NA,1.63,WARSAW,@NA,PLBMSEP00011,B7HKL8,Biomass Energy Project SA,1.0,BEP-PL,1,SHARE,B7HKL86,A,Biomass Energy Project SA2.pdf,01.6
29,MYL2135OO001,Gopeng Bhd.,1,1912.0,MYS,Y28179102,19850731.0,MYS,@NA,1.61,MALAYSIA,2135-MY,MYL2135OO001,637859,Gopeng Bhd.,1.0,2135-MY,1,SHARE,6378596,A,Gopeng Bhd.2.pdf,01.6
35,AU000000CSS3,Clean Seas Seafood Limited,1,2000.0,AUS,Q2508T119,20071026.0,AUS,007SZ9-E,3.21,US OTC,@NA,AU000000CSS3,B0PFW9,Clean Seas Seafood Limited,1.0,CTUNF-US,0,SHARE,B1CP173,A,Clean Seas Seafood Limited2.pdf,03.2
50,KR7030720007,"Dongwon Fisheries Co., Ltd",1,1970.0,KOR,Y2098M103,19961007.0,KOR,062H0Q-E,3.21,KOREA,030720-KR,KR7030720007,626257,"Dongwon Fisheries Co., Ltd",1.0,030720-KR,1,SHARE,6262570,A,"Dongwon Fisheries Co., Ltd1.pdf",03.2
51,CA5475721075,"Lowell Farms, Inc.",1,2005.0,CAN,547572107,20190501.0,USA,0KVW5Q-E,1.5,US OTC,@NA,CA5475721075,BMV3MM,"Lowell Farms, Inc.",1.0,LOWLF-US,0,SHARE,BMVC5P8,A,"Lowell Farms, Inc.1.pdf",01.5
52,MYQ0095OO008,MAG Holdings Berhad,1,2004.0,MYS,Y4737L108,20050823.0,MYS,007H5C-E,3.21,MALAYSIA,@NA,MYQ0095OO008,B0HWY4,MAG Holdings Berhad,1.0,0095-MY,1,SHARE,B0HWY40,A,MAG Holdings Berhad1.pdf,03.2
59,INE448G01010,Nath Bio-Genes (India) Ltd.,1,1993.0,IND,Y6S00H102,20140128.0,IND,@NA,1.5,BSE INDIA,537291-IN,INE448G01010,BJBPXY,Nath Bio-Genes (India) Ltd.,1.0,537291-IN,1,SHARE,BJBPXY1,A,Nath Bio-Genes (India) Ltd.1.pdf,01.5
61,CL0001763912,Empresas AquaChile S.A.,1,1998.0,CHL,P3764P107,20110519.0,CHL,00B15R-E,3.21,SANTIAGO,AQUACHILE-CL,CL0001763912,B4R4YK,Empresas AquaChile S.A.,1.0,AQUACHILE-CL,1,SHARE,B4R4YK0,A,Empresas AquaChile S.A.3.pdf,03.2
62,FDSF2C04,Balangoda Plantations PLC,1,1992.0,LKA,FDSF2C047,,LKA,081QMY-E,1.61,@NA,@NA,@NA,607300,Balangoda Plantations PLC,1.0,@NA,0,SHARE,@NA,A,Balangoda Plantations PLC1.pdf,01.6
74,NO0010829765,Andfjord Salmon AS,1,2014.0,NOR,R0R33Y108,20190827.0,NOR,0JQDXX-E,3.21,OSLO,ANDF-NO,NO0010829765,BJGTLN,Andfjord Salmon AS,1.0,ANDF-NO,1,SHARE,BJGTLN3,A,Andfjord Salmon AS1.pdf,03.2
75,JP3962200006,"Yonkyu Co., Ltd.",1,1963.0,JPN,J9777L105,19931126.0,JPN,@NA,3.21,TOKYO,9955-JP,JP3962200006,688996,"Yonkyu Co., Ltd.",1.0,9955-JP,1,SHARE,6889968,A,"Yonkyu Co., Ltd.1.pdf",03.2
76,AU0000195000,Rare Foods Australia Ltd,1,2011.0,AUS,Q70560133,20171114.0,AUS,@NA,3.21,ASX,RFA-AU,AU0000195000,BNKLVH,Rare Foods Australia Ltd,1.0,RFA-AU,1,SHARE,BNKLVH7,A,Rare Foods Australia Ltd1.pdf,03.2
77,NGELLAHLAKE8,Ellah Lakes Plc,1,1980.0,NGA,V32442101,20000502.0,NGA,@NA,3.21,NIGERIA,@NA,NGELLAHLAKE8,622580,Ellah Lakes Plc,1.0,ELLAHLAKES-NG,1,SHARE,6225807,A,Ellah Lakes Plc2.pdf,03.2
78,US22905K1051,Cryomass Technologies Inc.,1,2011.0,USA,22905K105,20140602.0,USA,00DXPV-E,1.5,US OTC,@NA,US22905K1051,22905K10,Cryomass Technologies Inc.,1.0,CRYM-US,1,SHARE,BMYTJC1,A,Cryomass Technologies Inc.1.pdf,01.5
82,NO0010310956,SalMar ASA,1,1991.0,NOR,R7445C102,20081006.0,NOR,05LH44-E,3.21,LONDON,@NA,NO0010310956,B1W5NW,SalMar ASA,1.0,0FWY-GB,0,SHARE,B28LPG9,A,SalMar ASA1.pdf,03.2
83,LK0286N00001,Balangoda Plantations PLC,1,1992.0,LKA,Y0549K106,19980603.0,LKA,081QMY-E,1.61,COLOMBO,BALA.N0000-LK,LK0286N00001,607300,Balangoda Plantations PLC,1.0,BALA.N0000-LK,1,SHARE,6073006,A,Balangoda Plantations PLC1.pdf,01.6
87,FI4000496328,FIFAX Plc,0,2012.0,FIN,X2878J107,20211025.0,ALA,@NA,3.21,OMX NORDIC HELSINKI,FIFAX-FI,FI4000496328,BMV4YF,FIFAX Plc,1.0,FIFAX-FI,0,SHARE,BMV4YF7,A,FIFAX Plc1.pdf,03.2
89,NZSANE0001S0,Sanford Limited,1,1881.0,NZL,Q82719164,19870506.0,NZL,05HN6F-E,3.21,NEW ZEALAND,SAN-NZ,NZSANE0001S0,677418,Sanford Limited,1.0,SAN-NZ,1,SHARE,6774183,A,Sanford Limited1.pdf,03.2
97,KR7086060001,"Gene Bio Tech Co., Ltd.",1,2000.0,KOR,Y2684U105,20060428.0,KOR,07D351-E,1.63,KOREA,@NA,KR7086060001,B11R10,"Gene Bio Tech Co., Ltd.",1.0,086060-KR,1,SHARE,B11R103,A,"Gene Bio Tech Co., Ltd.1.pdf",01.6
98,INE112B01013,Omega Ag-Seeds (Punjab) Ltd.,1,1992.0,IND,Y64753117,20110420.0,IND,@NA,1.61,BSE INDIA,@NA,INE112B01013,B03M0C,Omega Ag-Seeds (Punjab) Ltd.,1.0,519479-IN,1,SHARE,B03M0C4,A,Omega Ag-Seeds (Punjab) Ltd.3.pdf,01.6
200,CA53272L2021,Liminal BioSciences Inc.,1,1994.0,USA,53272L202,20120515.0,CAN,003PH0-E,21.1,NASDAQ,LMNL-US,CA53272L2021,53272L20,Liminal BioSciences Inc.,1.0,LMNL-US,1,SHARE,BQXLM50,C,Liminal BioSciences Inc.1.pdf,21.1
203,FR0013183985,Gensight Biologics SA,1,2012.0,FRA,F4374K117,20160713.0,FRA,0D2XZT-E,21.2,EURONEXT PARIS,SIGHT-FR,FR0013183985,BD07M0,Gensight Biologics SA,1.0,SIGHT-FR,1,SHARE,BD07M05,C,Gensight Biologics SA1.pdf,21.2
206,AT0000A18XM4,ams-OSRAM AG,1,1981.0,CHE,A0400Q115,20080423.0,AUT,05ZTWT-E,26.11,US OTC,@NA,AT0000A18XM4,BPF054,ams-OSRAM AG,1.0,AUKUF-US,0,SHARE,BPFJ772,C,ams-OSRAM AG1.pdf,26.1
207,FDS0SZ3K,Kiniksa Pharmaceuticals Ltd.,1,2015.0,USA,FDS0SZ3K2,,USA,@NA,21.2,@NA,@NA,@NA,G5269C10,Kiniksa Pharmaceuticals Ltd.,1.0,@NA,0,SHARE,@NA,C,Kiniksa Pharmaceuticals Ltd.1.pdf,21.2
208,KYG4644K1022,Hua Medicine Ltd.,1,2009.0,HKG,G4644K102,20180914.0,CHN,0C853K-E,21.2,HONG KONG,2552-HK,KYG4644K1022,BF3S3D,Hua Medicine Ltd.,1.0,2552-HK,1,SHARE,BF3S3D9,C,Hua Medicine Ltd.1.pdf,21.2
215,MYQ0128OO007,Frontken Corp. Bhd.,1,1996.0,MYS,Y26510100,20060711.0,MYS,06HKDD-E,26.11,MALAYSIA,0128-MY,MYQ0128OO007,B18TLC,Frontken Corp. Bhd.,1.0,0128-MY,1,SHARE,B18TLC4,C,Frontken Corp. Bhd.1.pdf,26.1
219,US0326541051,"Analog Devices, Inc.",0,1965.0,USA,032654105,19981201.0,USA,000C4B-E,26.11,FRANKFURT,@NA,US0326541051,03265410,"Analog Devices, Inc.",1.0,ANL-DE,0,SHARE,5579130,C,"Analog Devices, Inc.1.pdf",26.1
221,NL0015000YE1,TME Pharma N.V.,1,2015.0,FRA,N64938116,20180904.0,NLD,0FTX3J-E,21.1,FRANKFURT,@NA,NL0015000YE1,BKPSGC,TME Pharma N.V.,1.0,0N6A-DE,0,SHARE,BPXX958,C,TME Pharma N.V.2.pdf,21.1
255,US74275C2052,"Processa Pharmaceuticals, Inc.",1,2011.0,USA,74275C205,20131113.0,USA,0HR2WY-E,21.2,NASDAQ,PCSA-US,US74275C2052,74275C20,"Processa Pharmaceuticals, Inc.",1.0,PCSA-US,1,SHARE,BL3SW90,C,"Processa Pharmaceuticals, Inc.2.pdf",21.2
257,KYG9005B1041,Transcenta Holding Limited,1,,HKG,G9005B104,20210929.0,CHN,0KHBCN-E,21.2,HONG KONG,6628-HK,KYG9005B1041,BMHT0W,Transcenta Holding Limited,1.0,6628-HK,1,SHARE,BMHT0W5,C,Transcenta Holding Limited1.pdf,21.2
258,US23954D1090,"Day One Biopharmaceuticals, Inc.",1,2018.0,USA,23954D109,20210527.0,USA,@NA,21.2,NASDAQ,DAWN-US,US23954D1090,23954D10,"Day One Biopharmaceuticals, Inc.",1.0,DAWN-US,1,SHARE,BLB0YH0,C,"Day One Biopharmaceuticals, Inc.1.pdf",21.2
263,JP3270790003,"Kringle Pharma, Inc.",1,2001.0,JPN,J3660T101,20201228.0,JPN,@NA,21.1,TOKYO,4884-JP,JP3270790003,BMYDDJ,"Kringle Pharma, Inc.",1.0,4884-JP,1,SHARE,BMYDDJ8,C,"Kringle Pharma, Inc.2.pdf",21.1
267,US15114L1044,"Cell Source, Inc.",1,2012.0,USA,15114L104,20140313.0,USA,00FD5M-E,21.1,US OTC,@NA,US15114L1044,15114L10,"Cell Source, Inc.",1.0,CLCS-US,1,SHARE,BNN83Y6,C,"Cell Source, Inc.1.pdf",21.1
269,KYG5257K1076,Kingboard Laminates Holdings Limited,1,1988.0,HKG,G5257K107,20161205.0,HKG,06M0T0-E,26.11,HONG KONG CONNECT - SHENZHEN,1888-SZSC,KYG5257K1076,B1HHFV,Kingboard Laminates Holdings Limited,1.0,@NA,0,SHARE,BD8NKK1,C,Kingboard Laminates Holdings Limited1.pdf,26.1
280,US88338N2062,"TherapeuticsMD, Inc.",1,1907.0,USA,88338N206,20020128.0,USA,0C472F-E,21.2,NASDAQ,TXMD-US,US88338N2062,88338N20,"TherapeuticsMD, Inc.",1.0,TXMD-US,1,SHARE,BPX3N12,C,"TherapeuticsMD, Inc.1.pdf",21.2
281,KYG549581067,Hansoh Pharmaceutical Group Company Limited,1,2015.0,HKG,G54958106,20190911.0,CHN,0JYJX8-E,21.2,HONG KONG CONNECT - SHENZHEN,3692-SZSC,KYG549581067,BJYKB7,Hansoh Pharmaceutical Group Company Limited,1.0,@NA,0,SHARE,BKLJN73,C,Hansoh Pharmaceutical Group Company Limited1.pdf,21.2
282,SE0010831321,Fluicell AB,1,2012.0,SWE,W3R32E101,20180418.0,SWE,@NA,21.1,OMX NORDIC STOCKHOLM,FLUI-SE,SE0010831321,BF3SZ1,Fluicell AB,1.0,FLUI-SE,1,SHARE,BF3SZ11,C,Fluicell AB1.pdf,21.1
284,NO0003070609,IDEX Biometrics ASA,1,1996.0,NOR,R33736100,20101116.0,NOR,06JNND-E,26.11,LONDON,@NA,NO0003070609,537421,IDEX Biometrics ASA,1.0,0MTP-GB,0,SHARE,B43BZJ1,C,IDEX Biometrics ASA1.pdf,26.1
285,MYL3867OO008,Malaysian Pacific Industries Bhd.,1,1962.0,MYS,Y56939104,19880323.0,MYS,05HXJ3-E,26.11,MALAYSIA,3867-MY,MYL3867OO008,655669,Malaysian Pacific Industries Bhd.,1.0,3867-MY,1,SHARE,6556693,C,Malaysian Pacific Industries Bhd.1.pdf,26.1
286,JP3201200007,Olympus Corp.,1,1919.0,JPN,J61240107,20031126.0,JPN,05HWHD-E,26.6,US OTC,@NA,JP3201200007,665880,Olympus Corp.,1.0,OCPNF-US,0,SHARE,B02K7C8,C,Olympus Corp.1.pdf,26.6
289,TW0008291006,"ShineMore Technology Materials Co., Ltd.",1,1997.0,TWN,Y7747F110,20040712.0,TWN,07CYVX-E,26.11,TAIPEI,8291-TW,TW0008291006,B01SF8,"ShineMore Technology Materials Co., Ltd.",1.0,8291-TW,1,SHARE,B01SF85,C,"ShineMore Technology Materials Co., Ltd.3.pdf",26.1
295,KYG3931M1024,Global Lighting Technologies Inc.,1,2000.0,TWN,G3931M102,20110728.0,TWN,068LWX-E,26.11,TAIWAN,4935-TW,KYG3931M1024,B6QH3G,Global Lighting Technologies Inc.,1.0,4935-TW,1,SHARE,B6QH3G3,C,Global Lighting Technologies Inc.1.pdf,26.1
297,DE000A1YCMM2,SolarWorld AG,0,1998.0,DEU,D7045Y145,20071116.0,DEU,05J5CJ-E,26.11,LONDON,@NA,DE000A1YCMM2,BJ8RK0,SolarWorld AG,1.0,0QJC-GB,0,SHARE,BJFLSH3,C,SolarWorld AG1.pdf,26.1
501,GRS191213008,Ellaktor SA,1,1977.0,GRC,X1959E102,20140625.0,GRC,05HZ4F-E,41.2,US OTC,@NA,GRS191213008,420535,Ellaktor SA,1.0,ELLKF-US,0,SHARE,B4YKKK3,F,Ellaktor SA1.pdf,41.2
502,JP3100320005,URBAN LiKE INC.,1,2008.0,JPN,J94435104,20210728.0,JPN,@NA,41.2,TOKYO,@NA,JP3100320005,BP5D4T,URBAN LiKE INC.,1.0,2992-JP,1,SHARE,BP5D4T5,F,URBAN LiKE INC.1.pdf,41.2
503,VN000000HC37,HaiPhong Construction Joint Stock Corporation No3,0,1993.0,VNM,Y2985N107,20191212.0,VNM,@NA,41.1,HANOI,@NA,VN000000HC37,BD5DK2,HaiPhong Construction Joint Stock Corporation No3,1.0,HC3-VN,1,SHARE,BD5DK26,F,HaiPhong Construction Joint Stock Corporation No33.pdf,41.1
504,INE956G01038,VA Tech Wabag Limited,1,1995.0,IND,Y9356W111,20101013.0,IND,06ZXT6-E,42.22,BSE INDIA,533269-IN,INE956G01038,B63WX2,VA Tech Wabag Limited,1.0,533269-IN,1,SHARE,B63WX27,F,VA Tech Wabag Limited1.pdf,42.2
505,INE912H01013,MBL Infrastructure Limited,1,1995.0,IND,Y5925J102,20100111.0,IND,06KY6P-E,42.11,BSE INDIA,533152-IN,INE912H01013,B1G00H,MBL Infrastructure Limited,1.0,533152-IN,1,SHARE,B1G00H7,F,MBL Infrastructure Limited1.pdf,42.1
506,BE0003602134,Moury Construct SA,1,1973.0,BEL,B62067101,20171214.0,BEL,@NA,41.1,LONDON,@NA,BE0003602134,482175,Moury Construct SA,1.0,0NZS-GB,0,SHARE,B28KXF1,F,Moury Construct SA1.pdf,41.1
508,AU0000032914,SRG Global Limited,1,1961.0,AUS,Q8661T101,20200408.0,AUS,009K5B-E,41.2,US OTC,@NA,AU0000032914,BFMZB8,SRG Global Limited,1.0,SRGGF-US,0,SHARE,BL1MSJ6,F,SRG Global Limited1.pdf,41.2
509,FDS0FNU4,China Energy Engineering Corp. Ltd.,1,2014.0,HKG,FDS0FNU49,,CHN,0FQKHT-E,42.22,@NA,@NA,@NA,BZ1JH1,China Energy Engineering Corp. Ltd.,1.0,@NA,0,SHARE,@NA,F,China Energy Engineering Corp. Ltd.1.pdf,42.2
510,IE00BWY4ZF18,Cairn Homes PLC,1,2014.0,IRL,G1858L107,20170731.0,IRL,0FL22N-E,41.2,EURONEXT DUBLIN,C5H-IE,IE00BWY4ZF18,BF2NP0,Cairn Homes PLC,1.0,C5H-IE,1,SHARE,BF2NP06,F,Cairn Homes PLC1.pdf,41.2
511,MYL8834OO003,Ireka Corp. Bhd.,1,1967.0,MYS,Y41768105,19931206.0,MYS,05JD14-E,41.1,MALAYSIA,8834-MY,MYL8834OO003,646703,Ireka Corp. Bhd.,1.0,8834-MY,1,SHARE,6467030,F,Ireka Corp. Bhd.1.pdf,41.1
512,US5526761086,"M.D.C. Holdings, Inc.",1,1972.0,USA,552676108,20180129.0,USA,000PMX-E,41.2,LONDON,@NA,US5526761086,55267610,"M.D.C. Holdings, Inc.",1.0,0JW5-GB,0,SHARE,BYZH843,F,"M.D.C. Holdings, Inc.1.pdf",41.2
513,INE0CU601026,GMR Power and Urban Infra Ltd,1,2019.0,IND,Y2R3EY112,20220323.0,IND,@NA,42.11,BSE INDIA,@NA,INE0CU601026,BMX5H0,GMR Power and Urban Infra Ltd,1.0,543490-IN,1,SHARE,BMX5H04,F,GMR Power and Urban Infra Ltd2.pdf,42.1
514,INE854S01022,Generic Engineering Construction & Projects Ltd.,1,1994.0,IND,Y2R9WR114,20151021.0,IND,@NA,41.1,BSE INDIA,539407-IN,INE854S01022,BDVPQD,Generic Engineering Construction & Projects Ltd.,1.0,539407-IN,1,SHARE,BDVPQD9,F,Generic Engineering Construction & Projects Ltd.1.pdf,41.1
516,BMG0957L1090,Beijing Enterprises Water Group Limited,1,1992.0,HKG,G0957L109,20040831.0,HKG,05VD5M-E,42.22,FRANKFURT,@NA,BMG0957L1090,B01YCG,Beijing Enterprises Water Group Limited,1.0,HUN2-DE,0,SHARE,B020H51,F,Beijing Enterprises Water Group Limited2.pdf,42.2
517,ID1000122609,PT Bekasi Fajar Industrial Estate Tbk,1,1989.0,IDN,Y711C5100,20210813.0,IDN,0CGSTN-E,41.2,US OTC,@NA,ID1000122609,B7NGK1,PT Bekasi Fajar Industrial Estate Tbk,1.0,PTBFF-US,0,SHARE,BMH4138,F,PT Bekasi Fajar Industrial Estate Tbk1.pdf,41.2
518,INE614Z01017,Giriraj Civil Developers Ltd.,1,2005.0,IND,Y2R0GU106,,IND,0J41Y2-E,42.13,NSE INDIA,@NA,INE614Z01017,BFMJWV,Giriraj Civil Developers Ltd.,1.0,GIRIRAJ-IN,1,SHARE,BFMJWV4,F,Giriraj Civil Developers Ltd.2.pdf,42.1
519,ES0129743318,Elecnor S.A.,1,1958.0,ESP,E39152181,20220616.0,ESP,05HTSN-E,42.22,US OTC,@NA,ES0129743318,B3CTJS,Elecnor S.A.,1.0,ELNRF-US,0,SHARE,BPMR8G5,F,Elecnor S.A.2.pdf,42.2
521,VN000000GTS3,Saigon Traffic Construction Joint Stock Co,0,1975.0,VNM,Y7T9B7100,,VNM,@NA,42.11,HANOI,@NA,VN000000GTS3,BD5GJM,Saigon Traffic Construction Joint Stock Co,1.0,GTS-VN,0,SHARE,BD5GJM8,F,Saigon Traffic Construction Joint Stock Co3.pdf,42.1
522,MYL5219OO000,Pestech International Bhd.,1,2011.0,MYS,Y6801F107,20120530.0,MYS,0CDGSW-E,42.99,MALAYSIA,5219-MY,MYL5219OO000,B8095F,Pestech International Bhd.,1.0,5219-MY,1,SHARE,B8095F2,F,Pestech International Bhd.1.pdf,42.9
523,ID1000104003,PT Total Bangun Persada Tbk,1,1970.0,IDN,Y7136Z107,20230512.0,IDN,06HM4Y-E,41.1,US OTC,@NA,ID1000104003,B17ZL7,PT Total Bangun Persada Tbk,1.0,PTTOF-US,0,SHARE,BMGCH68,F,PT Total Bangun Persada Tbk3.pdf,41.1
524,MX01LA080009,Sitios Latinoamerica SAB de CV,1,,MEX,P87026103,20220929.0,MEX,0PF09G-E,42.22,MEXICO,LASITEB.1-MX,MX01LA080009,BNTFDQ,Sitios Latinoamerica SAB de CV,1.0,LASITEB.1-MX,1,SHARE,BNTFDQ3,F,Sitios Latinoamerica SAB de CV1.pdf,42.2
526,JP3266800006,"Kumagai Gumi Co., Ltd.",1,1898.0,JPN,J36705150,19900731.0,JPN,05J2SG-E,41.2,US OTC,@NA,JP3266800006,649756,"Kumagai Gumi Co., Ltd.",1.0,KMGGF-US,0,SHARE,B06NQS2,F,"Kumagai Gumi Co., Ltd.1.pdf",41.2
527,CY0104851718,Lanitis Golf Public Co. Ltd.,1,2007.0,CYP,M6703Z105,20160201.0,CYP,@NA,42.99,CYPRUS,@NA,CY0104851718,BVFD1C,Lanitis Golf Public Co. Ltd.,1.0,LAGLF-CY,1,SHARE,BVFD1C9,F,Lanitis Golf Public Co. Ltd.1.pdf,42.9
528,INE185U01035,KCD Industries India Ltd.,0,2007.0,IND,Y4S9CA100,20171017.0,IND,@NA,42.99,BSE INDIA,@NA,INE185U01035,BMTY05,KCD Industries India Ltd.,1.0,540696-IN,0,SHARE,BMTY051,F,KCD Industries India Ltd.3.pdf,42.9
531,PHY8080C1028,SP New Energy Corporation,1,2016.0,PHL,Y8080C102,20211217.0,PHL,@NA,42.22,PHILIPPINES,@NA,PHY8080C1028,BL69HW,SP New Energy Corporation,1.0,SPNEC-PH,1,SHARE,BL69HW8,F,SP New Energy Corporation3.pdf,42.2
532,ID1000141906,PT LCK Global Kedaton Tbk,1,2013.0,IDN,Y5199S101,20180116.0,IDN,@NA,42.22,INDONESIA,@NA,ID1000141906,BYVNKK,PT LCK Global Kedaton Tbk,1.0,LCKM-ID,1,SHARE,BYVNKK5,F,PT LCK Global Kedaton Tbk1.pdf,42.2
533,DE000A0STWH9,Deutsche Eigenheim Union AG,1,2007.0,DEU,D5S20K106,20211230.0,DEU,@NA,41.2,XETRA,JZ6-DE,DE000A0STWH9,BPCK36,Deutsche Eigenheim Union AG,1.0,JZ6-DE,1,SHARE,BPCK369,F,Deutsche Eigenheim Union AG1.pdf,41.2
534,INE061Z01011,Devoted Construction Ltd.,0,2016.0,IND,Y2R5C8108,20181026.0,IND,@NA,41.2,BSE INDIA,@NA,INE061Z01011,BG12XW,Devoted Construction Ltd.,1.0,542002-IN,0,SHARE,BG12XW9,F,Devoted Construction Ltd.1.pdf,41.2
536,PLBUDMX00013,Budimex SA,1,1968.0,POL,X0788V103,20081106.0,POL,05J1KN-E,41.2,LONDON,@NA,PLBUDMX00013,414933,Budimex SA,1.0,0LRV-GB,0,SHARE,B28FKZ5,F,Budimex SA1.pdf,41.2
537,IT0005339160,PLC S.p.A.,1,2006.0,ITA,T5R88H130,20071123.0,ITA,09P0KY-E,42.22,LONDON,@NA,IT0005339160,BGDSPZ,PLC S.p.A.,1.0,0MMX-GB,0,SHARE,BGDSQ15,F,PLC S.p.A.2.pdf,42.2
539,MYL9679OO001,WCT Holdings Bhd.,1,1981.0,MYS,Y9532D102,20221018.0,MYS,0BFV25-E,42.99,US OTC,@NA,MYL9679OO001,BBP6LY,WCT Holdings Bhd.,1.0,WCTBF-US,0,SHARE,BNV0HD1,F,WCT Holdings Bhd.3.pdf,42.9
540,KYG8661K1013,Tai Kam Holdings Limited,1,2016.0,HKG,G8661K101,20161028.0,HKG,0GC6RD-E,42.99,HONG KONG,@NA,KYG8661K1013,BDFT8F,Tai Kam Holdings Limited,1.0,8321-HK,1,SHARE,BDFT8F3,F,Tai Kam Holdings Limited1.pdf,42.9
542,INE291R01011,Athena Constructions Ltd.,0,2011.0,IND,Y0R7X4104,20150416.0,IND,0F1LM5-E,41.2,BSE INDIA,@NA,INE291R01011,BWWYV3,Athena Constructions Ltd.,1.0,539099-IN,0,SHARE,BWWYV33,F,Athena Constructions Ltd.1.pdf,41.2
543,AU0000207912,Frontier Energy Limited,1,2009.0,AUS,Q8800B128,20091218.0,AUS,08BQ6W-E,42.22,ASX,@NA,AU0000207912,BNGHNB,Frontier Energy Limited,1.0,FHE-AU,1,SHARE,BNGHNB7,F,Frontier Energy Limited1.pdf,42.2
544,JP3380300008,Shinnihon Corporation,1,1923.0,JPN,J73606105,20230217.0,JPN,05J4H0-E,41.2,US OTC,@NA,JP3380300008,680401,Shinnihon Corporation,1.0,SNHMF-US,0,SHARE,B05PMW5,F,Shinnihon Corporation1.pdf,41.2
545,MYL5226OO005,Gabungan AQRS Bhd.,1,2010.0,MYS,Y26780109,20120731.0,MYS,0BYMDT-E,42.11,MALAYSIA,5226-MY,MYL5226OO005,B7RKJT,Gabungan AQRS Bhd.,1.0,5226-MY,1,SHARE,B7RKJT3,F,Gabungan AQRS Bhd.1.pdf,42.1
546,TH0086010Z09,NEP Realty & Industry Public Co. Ltd.,1,1953.0,THA,Y6265F155,19880802.0,THA,05JD8N-E,41.2,THAILAND,NEP-TH,TH0086010Z09,B1XMN0,NEP Realty & Industry Public Co. Ltd.,1.0,NEP-TH,1,SHARE,B1XMN00,F,NEP Realty & Industry Public Co. Ltd.3.pdf,41.2
547,TW0003703005,Continental Holdings Corp.,1,1941.0,TWN,Y1753K105,19950427.0,TWN,09NF50-E,41.2,TAIWAN,3703-TW,TW0003703005,B58DQK,Continental Holdings Corp.,1.0,3703-TW,1,SHARE,B58DQK7,F,Continental Holdings Corp.1.pdf,41.2
548,BMG0957L1090,Beijing Enterprises Water Group Limited,1,1992.0,HKG,G0957L109,20161205.0,HKG,05VD5M-E,42.22,HONG KONG CONNECT - SHENZHEN,371-SZSC,BMG0957L1090,B01YCG,Beijing Enterprises Water Group Limited,1.0,@NA,0,SHARE,BD8NDT1,F,Beijing Enterprises Water Group Limited2.pdf,42.2
549,TW0009906008,Hsin Ba Ba Corporation,1,1967.0,TWN,Y1754R109,19910920.0,TWN,05JLY5-E,41.2,TAIWAN,9906-TW,TW0009906008,622454,Hsin Ba Ba Corporation,1.0,9906-TW,1,SHARE,6224547,F,Hsin Ba Ba Corporation1.pdf,41.2
550,JP3627000007,Toda Corporation,1,1881.0,JPN,J84377100,19850102.0,JPN,05HYW4-E,41.1,TOKYO,1860-JP,JP3627000007,689388,Toda Corporation,1.0,1860-JP,1,SHARE,6893884,F,Toda Corporation1.pdf,41.1
551,MYL5398OO002,Gamuda Bhd.,1,1976.0,MYS,Y2679X106,20171031.0,MYS,05HXD5-E,42.11,US OTC,@NA,MYL5398OO002,635988,Gamuda Bhd.,1.0,GMUAF-US,0,SHARE,B02GQV8,F,Gamuda Bhd.1.pdf,42.1
553,JP3407800006,"Sumitomo Densetsu Co., Ltd.",1,1947.0,JPN,J77368108,19871026.0,JPN,05J2RP-E,42.22,TOKYO,1949-JP,JP3407800006,685868,"Sumitomo Densetsu Co., Ltd.",1.0,1949-JP,1,SHARE,6858689,F,"Sumitomo Densetsu Co., Ltd.1.pdf",42.2
554,MYL03042O008,BV Land Holdings Bhd.,1,2019.0,MYS,Y1028X106,20210409.0,MYS,0N7NY3-E,41.2,MALAYSIA,@NA,MYL03042O008,BL6CN2,BV Land Holdings Bhd.,1.0,03042-MY,1,SHARE,BL6CN29,F,BV Land Holdings Bhd.1.pdf,41.2
556,TW0002546009,"Kedge Construction Co., Ltd.",1,1982.0,TWN,Y4629Y101,20000107.0,TWN,@NA,41.2,TAIWAN,2546-TW,TW0002546009,612255,"Kedge Construction Co., Ltd.",1.0,2546-TW,1,SHARE,6122555,F,"Kedge Construction Co., Ltd.1.pdf",41.2
557,US3906071093,Great Lakes Dredge & Dock Corporation,1,1890.0,USA,390607109,20061227.0,USA,00279D-E,42.99,NASDAQ,GLDD-US,US3906071093,39060710,Great Lakes Dredge & Dock Corporation,1.0,GLDD-US,1,SHARE,B1LDZK9,F,Great Lakes Dredge & Dock Corporation1.pdf,42.9
558,INE370C01015,Popular Estate Management Limited,1,1994.0,IND,Y5811K114,20090204.0,IND,083TML-E,41.2,BSE INDIA,@NA,INE370C01015,B03K4Y,Popular Estate Management Limited,1.0,531870-IN,1,SHARE,B03K4Y8,F,Popular Estate Management Limited1.pdf,41.2
559,ES0118900010,"Ferrovial, S.A.",1,1952.0,ESP,E49512119,20050128.0,ESP,08D377-E,42.11,US OTC,@NA,ES0118900010,B03851,"Ferrovial, S.A.",1.0,FRRVF-US,0,SHARE,B045FF0,F,"Ferrovial, S.A.3.pdf",42.1
561,NL0015000DY3,Corre Energy B.V.,1,2021.0,IRL,N2281Q103,20210923.0,NLD,0NH1BK-E,42.22,EURONEXT DUBLIN,CORRE-IE,NL0015000DY3,BK80W5,Corre Energy B.V.,1.0,CORRE-IE,1,SHARE,BK80W50,F,Corre Energy B.V.1.pdf,42.2
562,KYG0R8151046,Able Engineering Holdings Ltd.,1,1976.0,HKG,G0R815104,20170220.0,HKG,0GJZSW-E,41.2,HONG KONG,@NA,KYG0R8151046,BYMXJK,Able Engineering Holdings Ltd.,1.0,1627-HK,1,SHARE,BYMXJK7,F,Able Engineering Holdings Ltd.2.pdf,41.2
563,RSHOLDE58279,Energoprojekt Holding ad Beograd,1,1951.0,SRB,X1943L105,20070604.0,SRB,070F94-E,42.11,BELGRADE,ENHL-RS,RSHOLDE58279,B1W73C,Energoprojekt Holding ad Beograd,1.0,ENHL-RS,1,SHARE,B1W73C8,F,Energoprojekt Holding ad Beograd1.pdf,42.1
564,CA88577D1096,Three Sixty Solar Ltd,1,1994.0,CAN,88577D109,20161230.0,CAN,@NA,42.22,US OTC,@NA,CA88577D1096,BNNGYS,Three Sixty Solar Ltd,1.0,VSOLF-US,0,SHARE,BNNGYV4,F,Three Sixty Solar Ltd2.pdf,42.2
566,JP3443600006,TAISEI CORP,0,1873.0,JPN,J79561148,,JPN,05HWMG-E,41.2,BERNE,@NA,JP3443600006,687010,TAISEI CORP,1.0,@NA,0,SHARE,BHZL0W8,F,TAISEI CORP1.pdf,41.2
567,MYL4723OO002,JAKS Resources Bhd.,1,1987.0,MYS,Y4255M108,20040701.0,MYS,0608C4-E,42.11,MALAYSIA,4723-MY,MYL4723OO002,B01R1Y,JAKS Resources Bhd.,1.0,4723-MY,1,SHARE,B01R1Y0,F,JAKS Resources Bhd.2.pdf,42.1
568,INE484K01017,Bhanot Construction & Housing Ltd.,0,1976.0,IND,Y0R83M105,20121121.0,IND,@NA,41.2,BSE INDIA,@NA,INE484K01017,B92D72,Bhanot Construction & Housing Ltd.,1.0,534740-IN,1,SHARE,B92D720,F,Bhanot Construction & Housing Ltd.2.pdf,41.2
569,AU000000DEM4,De.mem Ltd.,1,2013.0,AUS,Q32195101,20220729.0,AUS,@NA,42.22,US OTC,@NA,AU000000DEM4,BZBG34,De.mem Ltd.,1.0,DEMEF-US,0,SHARE,BJP55Y1,F,De.mem Ltd.1.pdf,42.2
570,FR0000076887,AST Groupe,1,1993.0,FRA,F04295105,20140131.0,FRA,05WTB1-E,41.2,LONDON,@NA,FR0000076887,B036Z8,AST Groupe,1.0,0J2S-GB,0,SHARE,B28F602,F,AST Groupe2.pdf,41.2
571,SG1X13940751,Boustead Singapore Limited,1,1828.0,SGP,V12756165,19850102.0,SGP,05JBKY-E,41.1,SINGAPORE,F9D-SG,SG1X13940751,620707,Boustead Singapore Limited,1.0,F9D-SG,1,SHARE,6207076,F,Boustead Singapore Limited1.pdf,41.1
572,JP3667600005,JGC Holdings Corporation,1,1928.0,JPN,J26945105,20080605.0,JPN,05HWQH-E,42.22,US OTC,@NA,JP3667600005,647346,JGC Holdings Corporation,1.0,JGCCF-US,0,SHARE,B3BHSP1,F,JGC Holdings Corporation1.pdf,42.2
573,ID1000107600,PT Wijaya Karya (Persero) Tbk,1,1960.0,IDN,Y7148V102,20220727.0,IDN,06Y8PV-E,42.99,US OTC,@NA,ID1000107600,B28V4M,PT Wijaya Karya (Persero) Tbk,1.0,WKAPF-US,0,SHARE,BKMG168,F,PT Wijaya Karya (Persero) Tbk2.pdf,42.9
574,GB0000961622,Balfour Beatty plc,1,1909.0,GBR,G3224V108,20031119.0,GBR,05HX10-E,42.11,US OTC,@NA,GB0000961622,009616,Balfour Beatty plc,1.0,BAFBF-US,0,SHARE,B02SQJ2,F,Balfour Beatty plc1.pdf,42.1
575,SG1X13940751,Boustead Singapore Limited,1,1828.0,SGP,V12756165,,SGP,05JBKY-E,41.1,US OTC,@NA,SG1X13940751,620707,Boustead Singapore Limited,1.0,BSTGF-US,0,SHARE,B39F3R4,F,Boustead Singapore Limited1.pdf,41.1
576,JP3400050005,"SPACE CO., LTD.",1,1948.0,JPN,J7655J101,20220621.0,JPN,05J9WZ-E,41.2,US OTC,@NA,JP3400050005,683629,"SPACE CO., LTD.",1.0,SPAEF-US,0,SHARE,BMZNMH8,F,"SPACE CO., LTD.1.pdf",41.2
577,ES0118900010,"Ferrovial, S.A.",1,1952.0,ESP,E49512119,20041027.0,ESP,08D377-E,42.11,SPAIN,FER-ES,ES0118900010,B03851,"Ferrovial, S.A.",1.0,FER-ES,1,SHARE,B038516,F,"Ferrovial, S.A.3.pdf",42.1
578,FI4000081138,Lehto Group PLC,1,2008.0,FIN,X5000P107,20160511.0,FIN,08DXFV-E,41.1,LONDON,@NA,FI4000081138,BD3CKX,Lehto Group PLC,1.0,0RFZ-GB,0,SHARE,BYQNJ69,F,Lehto Group PLC1.pdf,41.1
579,ID1000136807,PT Mitra Pemuda Tbk,0,1968.0,IDN,Y712EP102,20160210.0,IDN,@NA,42.99,INDONESIA,@NA,ID1000136807,BDDJSW,PT Mitra Pemuda Tbk,1.0,MTRA-ID,1,SHARE,BDDJSW2,F,PT Mitra Pemuda Tbk2.pdf,42.9
580,VN000000TV14,Power Engineering Consulting Joint Stock Company 1,1,1960.0,VNM,Y708AD101,20100924.0,VNM,09RXNY-E,42.22,HANOI,@NA,VN000000TV14,B42RW4,Power Engineering Consulting Joint Stock Company 1,1.0,TV1-VN,1,SHARE,B42RW44,F,Power Engineering Consulting Joint Stock Company 11.pdf,42.2
581,JP3254200003,"EXEO Group, Inc.",1,1954.0,JPN,J38232104,19850102.0,JPN,05HZ5S-E,42.22,TOKYO,1951-JP,JP3254200003,649942,"EXEO Group, Inc.",1.0,1951-JP,1,SHARE,6499420,F,"EXEO Group, Inc.1.pdf",42.2
582,US7458671010,"PulteGroup, Inc.",1,1950.0,USA,745867101,19841105.0,USA,000V2H-E,41.2,NYSE,PHM-US,US7458671010,74586710,"PulteGroup, Inc.",1.0,PHM-US,1,SHARE,2708841,F,"PulteGroup, Inc.1.pdf",41.2
583,BMG126341046,Blue River Holdings Limited,1,1993.0,HKG,G12634104,19931028.0,HKG,003JQ0-E,41.1,HONG KONG,498-HK,BMG126341046,BMB08X,Blue River Holdings Limited,1.0,498-HK,1,SHARE,BMB08X1,F,Blue River Holdings Limited3.pdf,41.1
584,US55405W1045,MYR Group Inc.,1,1995.0,USA,55405W104,20080812.0,USA,000QTC-E,42.22,NASDAQ,MYRG-US,US55405W1045,55405W10,MYR Group Inc.,1.0,MYRG-US,1,SHARE,B3CLS18,F,MYR Group Inc.1.pdf,42.2
585,US07556Q8814,"Beazer Homes USA, Inc.",1,1985.0,USA,07556Q881,19940223.0,USA,000CPQ-E,41.2,NYSE,BZH-US,US07556Q8814,07556Q88,"Beazer Homes USA, Inc.",1.0,BZH-US,1,SHARE,B8KHZT0,F,"Beazer Homes USA, Inc.1.pdf",41.2
586,CL0001896498,Echeverria Izquierdo SA,1,2007.0,CHL,P3589W105,20120803.0,CHL,0CNJR9-E,42.11,SANTIAGO,EISA-CL,CL0001896498,B8294F,Echeverria Izquierdo SA,1.0,EISA-CL,1,SHARE,B8294F3,F,Echeverria Izquierdo SA1.pdf,42.1
587,GRS087003000,Intracom Holdings SA,1,1977.0,GRC,X3967S107,19981005.0,GRC,05HXC2-E,42.11,FRANKFURT,@NA,GRS087003000,BFX3DL,Intracom Holdings SA,1.0,INTA-DE,0,SHARE,BGL6XN2,F,Intracom Holdings SA1.pdf,42.1
589,GRS403003007,Technical Olympic S.A.,0,1965.0,GRC,X8936X152,20071109.0,GRC,05HZCT-E,42.99,LONDON,@NA,GRS403003007,488816,Technical Olympic S.A.,1.0,0P0R-GB,0,SHARE,B28MSH4,F,Technical Olympic S.A.3.pdf,42.9
590,JP3993800006,"Watanabe Sato Co., Ltd.",1,1923.0,JPN,J95028106,19940223.0,JPN,05JH4G-E,42.11,TOKYO,1807-JP,JP3993800006,694130,"Watanabe Sato Co., Ltd.",1.0,1807-JP,1,SHARE,6941307,F,"Watanabe Sato Co., Ltd.3.pdf",42.1
591,ES0125220311,Acciona SA,1,1931.0,ESP,E0008Z109,20041101.0,ESP,05HJVH-E,41.2,US OTC,@NA,ES0125220311,557910,Acciona SA,1.0,ACXIF-US,0,SHARE,B02T9S5,F,Acciona SA1.pdf,41.2
593,FDS0ABX8,"Yunnan Water Investment Co., Limited",1,2011.0,HKG,FDS0ABX88,,CHN,0F1FKQ-E,42.22,@NA,@NA,@NA,BY2ZF6,"Yunnan Water Investment Co., Limited",1.0,@NA,0,SHARE,@NA,F,"Yunnan Water Investment Co., Limited1.pdf",42.2
594,GRS145003000,GEK Terna Holding Real Estate Construction SA,1,1959.0,GRC,X3125P102,20151022.0,GRC,060Y26-E,41.1,US OTC,@NA,GRS145003000,442170,GEK Terna Holding Real Estate Construction SA,1.0,GKTRF-US,0,SHARE,BRGWDY3,F,GEK Terna Holding Real Estate Construction SA1.pdf,41.1
595,NO0003679102,NRC Group ASA,1,1966.0,NOR,R6450E102,19920227.0,NOR,05JM6L-E,42.13,OSLO,NRC-NO,NO0003679102,518157,NRC Group ASA,1.0,NRC-NO,1,SHARE,5181579,F,NRC Group ASA1.pdf,42.1
596,HRDLKVRA0006,Dalekovod d.d.,1,1949.0,HRV,X1767H107,20010313.0,HRV,05X6DP-E,42.22,ZAGREB,DLKV-HR,HRDLKVRA0006,706612,Dalekovod d.d.,1.0,DLKV-HR,1,SHARE,7066124,F,Dalekovod d.d.1.pdf,42.2
597,MYQ0241OO008,Siab Holdings Bhd,1,2020.0,MYS,Y775L7101,20220228.0,MYS,0Q9Y37-E,41.1,MALAYSIA,0241-MY,MYQ0241OO008,BNRNV2,Siab Holdings Bhd,1.0,0241-MY,1,SHARE,BNRNV21,F,Siab Holdings Bhd3.pdf,41.1
598,ES0154653911,"Inmobiliaria del Sur, S.A.",1,1945.0,ESP,E89575315,19900626.0,ESP,05HVMW-E,41.2,SPAIN,ISUR-ES,ES0154653911,B19DFV,"Inmobiliaria del Sur, S.A.",1.0,ISUR-ES,1,SHARE,B19DFV2,F,"Inmobiliaria del Sur, S.A.2.pdf",41.2
599,US87265H1095,"Tri Pointe Homes, Inc.",1,2009.0,USA,87265H109,20130131.0,USA,0FMYYY-E,41.2,NYSE,TPH-US,US87265H1095,87265H10,"Tri Pointe Homes, Inc.",1.0,TPH-US,1,SHARE,B92CQF3,F,"Tri Pointe Homes, Inc.1.pdf",41.2
900,US52178J1051,"Leafly Holdings, Inc.",1,2010.0,USA,52178J105,20191212.0,USA,0Q0D49-E,58.19,NASDAQ,LFLY-US,US52178J1051,52178J10,"Leafly Holdings, Inc.",1.0,LFLY-US,1,SHARE,BPLFH30,J,"Leafly Holdings, Inc.2.pdf",58.1
906,SI0031101247,Grad d.d.,0,1990.0,SVN,X3206N109,20210520.0,SVN,@NA,58.29,LJUBLJANA,@NA,SI0031101247,B04DSR,Grad d.d.,1.0,GRDO-SI,0,SHARE,B04DSR7,J,Grad d.d.3.pdf,58.2
910,GB00BDFDLT01,i-nexus Global plc,1,2018.0,GBR,G4768Y102,20180621.0,GBR,0JLQRR-E,58.29,LONDON,INX-GB,GB00BDFDLT01,BDFDLT,i-nexus Global plc,1.0,INX-GB,1,SHARE,BDFDLT0,J,i-nexus Global plc1.pdf,58.2
911,JP3436100006,SoftBank Group Corp.,1,1981.0,JPN,J7596P109,20060620.0,JPN,0029XB-E,61.2,LONDON,@NA,JP3436100006,677062,SoftBank Group Corp.,1.0,0R15-GB,0,SHARE,B17MJ08,J,SoftBank Group Corp.1.pdf,61.2
912,GB00BYN5BY03,Hybrid Software Group PLC,1,2013.0,BEL,G3971B107,20010417.0,GBR,@NA,58.29,EURONEXT BRUSSELS,HYSG-BE,GB00BYN5BY03,BYN5BY,Hybrid Software Group PLC,1.0,HYSG-BE,1,SHARE,BYN5BY0,J,Hybrid Software Group PLC1.pdf,58.2
915,KZ1C00000876,Kcell JSC,1,1998.0,KAZ,Y4593K103,20121220.0,KAZ,0C3DS7-E,61.2,KAZAKHSTAN,KCEL-KZ,KZ1C00000876,B8GL8Z,Kcell JSC,1.0,KCEL-KZ,1,SHARE,B8GL8Z3,J,Kcell JSC1.pdf,61.2
918,GB00BFM6WC61,KRM22 Plc,1,2018.0,GBR,G53173103,20180430.0,GBR,0JF2TK-E,58.29,LONDON,KRM-GB,GB00BFM6WC61,BFM6WC,KRM22 Plc,1.0,KRM-GB,1,SHARE,BFM6WC6,J,KRM22 Plc1.pdf,58.2
919,CA0563622053,Backstageplay Inc.,1,2004.0,CAN,056362205,20050617.0,CAN,002LXM-E,58.29,TSX VENTURE,@NA,CA0563622053,BL97SN,Backstageplay Inc.,1.0,BP-CA,1,SHARE,BL97SN7,J,Backstageplay Inc.1.pdf,58.2
920,GB00BYXH8F66,Pelatro Plc,1,2017.0,GBR,G6993D100,20171219.0,GBR,@NA,58.29,LONDON,PTRO-GB,GB00BYXH8F66,BYXH8F,Pelatro Plc,1.0,PTRO-GB,1,SHARE,BYXH8F6,J,Pelatro Plc1.pdf,58.2
924,NO0010776990,Huddly AS,1,2014.0,NOR,R3237R118,20180423.0,NOR,@NA,58.29,OSLO,HDLY-NO,NO0010776990,BDSHXH,Huddly AS,1.0,HDLY-NO,1,SHARE,BDSHXH1,J,Huddly AS1.pdf,58.2
925,FI0009007728,Teleste Corporation,1,1954.0,FIN,X89488104,19990330.0,FIN,05J5HY-E,61.1,OMX NORDIC HELSINKI,TLT1V-FI,FI0009007728,565393,Teleste Corporation,1.0,TLT1V-FI,1,SHARE,5653937,J,Teleste Corporation1.pdf,61.1
926,JP3839500000,HOUSEI Inc.,1,1996.0,JPN,J2R417102,20220728.0,JPN,@NA,58.29,TOKYO,5035-JP,JP3839500000,BM9Y47,HOUSEI Inc.,1.0,5035-JP,1,SHARE,BM9Y471,J,HOUSEI Inc.1.pdf,58.2
928,NZVHTE0001S6,Volpara Health Technologies Ltd.,1,2009.0,AUS,Q9479B118,20180116.0,NZL,@NA,58.29,US OTC,@NA,NZVHTE0001S6,BD6SZB,Volpara Health Technologies Ltd.,1.0,VPAHF-US,0,SHARE,BFN4H02,J,Volpara Health Technologies Ltd.1.pdf,58.2
930,AU000000NOV3,Novatti Group Ltd.,1,2015.0,AUS,Q6916Z104,20201127.0,AUS,0FXXLH-E,58.29,US OTC,@NA,AU000000NOV3,BYQ071,Novatti Group Ltd.,1.0,NTTIF-US,0,SHARE,BJLZXR4,J,Novatti Group Ltd.3.pdf,58.2
933,CA26885W1041,ePlay Digital Inc.,1,2013.0,CAN,26885W104,20150921.0,CAN,00G1NF-E,58.29,US OTC,@NA,CA26885W1041,BD2B8Z,ePlay Digital Inc.,1.0,EPYFF-US,0,SHARE,BYWRDS5,J,ePlay Digital Inc.3.pdf,58.2
934,IL0001690119,AI Conversation Systems Ltd,1,1978.0,ISR,M6825X103,19941207.0,ISR,@NA,58.29,TEL AVIV,@NA,IL0001690119,657086,AI Conversation Systems Ltd,1.0,AICS-IL,1,SHARE,6570864,J,AI Conversation Systems Ltd1.pdf,58.2
935,US29259X1046,Encompass Compliance Corp.,0,1991.0,USA,29259X104,20000301.0,USA,002H8T-E,58.29,US OTC,@NA,US29259X1046,29259X10,Encompass Compliance Corp.,1.0,ENCC-US,1,SHARE,BZ07DY0,J,Encompass Compliance Corp.1.pdf,58.2
936,INE898S01029,Aurum Proptech Limited,1,2013.0,IND,Y5400E107,20150819.0,IND,0FMFQV-E,58.29,BSE INDIA,539289-IN,INE898S01029,BYW6D2,Aurum Proptech Limited,1.0,539289-IN,1,SHARE,BYW6D26,J,Aurum Proptech Limited2.pdf,58.2
937,ES0105102000,Agile Content SA,1,2007.0,ESP,E94564106,20151123.0,ESP,@NA,58.29,SPAIN,AGIL-ES,ES0105102000,BYTQ68,Agile Content SA,1.0,AGIL-ES,1,SHARE,BYTQ686,J,Agile Content SA1.pdf,58.2
939,AU000000RXH4,Rewardle Holdings Ltd,1,2014.0,AUS,Q8085G107,20141007.0,AUS,0DVP6P-E,58.29,ASX,RXH-AU,AU000000RXH4,BPSW2J,Rewardle Holdings Ltd,1.0,RXH-AU,1,SHARE,BPSW2J5,J,Rewardle Holdings Ltd2.pdf,58.2
941,AU000000LNU1,Linius Technologies Ltd.,1,2011.0,AUS,Q5S647116,,AUS,@NA,58.29,US OTC,@NA,AU000000LNU1,BYZ79Z,Linius Technologies Ltd.,1.0,LNNTF-US,0,SHARE,BFFWHR1,J,Linius Technologies Ltd.1.pdf,58.2
942,CA2643171085,Duesenberg Technologies Inc,1,2010.0,USA,264317108,20130315.0,MYS,00DZDB-E,58.29,US OTC,@NA,CA2643171085,26431710,Duesenberg Technologies Inc,1.0,DUSYF-US,1,SHARE,BMFQ211,J,Duesenberg Technologies Inc1.pdf,58.2
944,BA100TLKMRA2,Telekom Srpske AD,1,1996.0,BIH,X89741106,20080415.0,BIH,06LZWH-E,61.2,BANJA LUKA,@NA,BA100TLKMRA2,B4W3Y0,Telekom Srpske AD,1.0,TLKM.R.A-BA,1,SHARE,B4W3Y02,J,Telekom Srpske AD2.pdf,61.2
945,FR0014005DA7,Exclusive Networks S.A.,1,2003.0,FRA,F3R28W106,20210923.0,FRA,0P3HRN-E,58.29,EURONEXT PARIS,EXN-FR,FR0014005DA7,BNZJCC,Exclusive Networks S.A.,1.0,EXN-FR,1,SHARE,BNZJCC8,J,Exclusive Networks S.A.2.pdf,58.2
946,US6075251024,"Model N, Inc.",1,1999.0,USA,607525102,20130320.0,USA,062YCW-E,58.29,NYSE,MODN-US,US6075251024,60752510,"Model N, Inc.",1.0,MODN-US,1,SHARE,B94Z434,J,"Model N, Inc.1.pdf",58.2
947,CA00510L1067,AcuityAds Holdings Inc,1,2009.0,CAN,00510L106,20120720.0,CAN,0DT6RQ-E,58.29,TORONTO,ILLM-CA,CA00510L1067,BP9P4Z,AcuityAds Holdings Inc,1.0,ILLM-CA,1,SHARE,BP9P4Z3,J,AcuityAds Holdings Inc1.pdf,58.2
949,US92337U2033,"Verb Technology Company, Inc.",1,2012.0,USA,92337U203,20141119.0,USA,00F9BP-E,58.29,NASDAQ,VERB-US,US92337U2033,92337U20,"Verb Technology Company, Inc.",1.0,VERB-US,1,SHARE,BN4JPD1,J,"Verb Technology Company, Inc.1.pdf",58.2
950,PLABS0000018,Asseco Business Solutions SA,0,2001.0,POL,X0253L101,20171214.0,POL,@NA,58.29,LONDON,@NA,PLABS0000018,B291NS,Asseco Business Solutions SA,1.0,0ODO-GB,0,SHARE,B2QBKT9,J,Asseco Business Solutions SA1.pdf,58.2
952,TH0268010Z03,"Advanced Info Service Public Co., Ltd.",1,1986.0,THA,Y0014U191,20220927.0,THA,003QLQ-E,61.2,US OTC,@NA,TH0268010Z03,641256,"Advanced Info Service Public Co., Ltd.",1.0,AVIZF-US,0,SHARE,B3BGJ00,J,"Advanced Info Service Public Co., Ltd.1.pdf",61.2
955,GB0004740477,Blackbird PLC,1,1998.0,GBR,G1312H106,20210211.0,GBR,@NA,58.29,US OTC,@NA,GB0004740477,047404,Blackbird PLC,1.0,BBRDF-US,0,SHARE,B07J8K5,J,Blackbird PLC1.pdf,58.2
956,NO0010063308,Telenor ASA,1,1855.0,NOR,R21882106,20071102.0,NOR,003K5P-E,61.2,LONDON,@NA,NO0010063308,473249,Telenor ASA,1.0,0G8C-GB,0,SHARE,B28MTB5,J,Telenor ASA1.pdf,61.2
957,AU000000DSE1,Dropsuite Ltd.,1,1983.0,AUS,Q3278H103,20040907.0,AUS,@NA,58.29,US OTC,@NA,AU000000DSE1,BYV57V,Dropsuite Ltd.,1.0,EXMXF-US,0,SHARE,BDCFNX7,J,Dropsuite Ltd.1.pdf,58.2
959,AU000000VIG9,Victor Group Holdings Ltd,1,2013.0,AUS,Q9395E105,20140509.0,CHN,0DM4MR-E,58.29,ASX,@NA,AU000000VIG9,BKM3WG,Victor Group Holdings Ltd,1.0,VIG-AU,1,SHARE,BKM3WG6,J,Victor Group Holdings Ltd1.pdf,58.2
960,KZ0009093241,Kazakhtelecom JSC,1,1994.0,KAZ,Y45933101,20090519.0,KAZ,05P87F-E,61.2,KAZAKHSTAN,KZTK-KZ,KZ0009093241,555219,Kazakhtelecom JSC,1.0,KZTK-KZ,1,SHARE,5552197,J,Kazakhtelecom JSC1.pdf,61.2
961,BD0001GP0004,Grameenphone Ltd.,1,1996.0,BGD,Y2844C110,20091201.0,BGD,060JD8-E,61.2,DHAKA,GP-BD,BD0001GP0004,B453FG,Grameenphone Ltd.,1.0,GP-BD,1,SHARE,B453FG2,J,Grameenphone Ltd.2.pdf,61.2
963,KYG6427W1042,NetDragon Websoft Holdings Limited,1,1999.0,HKG,G6427W104,20161205.0,CHN,009Q2H-E,58.29,HONG KONG CONNECT - SHENZHEN,777-SZSC,KYG6427W1042,B28SXZ,NetDragon Websoft Holdings Limited,1.0,@NA,0,SHARE,BD8GG68,J,NetDragon Websoft Holdings Limited3.pdf,58.2
964,JP3152640003,Institution for a Global Society Corp.,1,2010.0,JPN,FDS1Q8R26,20211229.0,JPN,@NA,58.29,TOKYO,4265-JP,JP3152640003,BMZ9M4,Institution for a Global Society Corp.,1.0,4265-JP,1,SHARE,BMZ9M43,J,Institution for a Global Society Corp.3.pdf,58.2
970,FR0010221234,Eutelsat Communications SA,1,2005.0,FRA,F3692M128,20051202.0,FRA,007P5V-E,61.1,FRANKFURT,@NA,FR0010221234,B0M7KJ,Eutelsat Communications SA,1.0,E3B-DE,0,SHARE,B0N6JX0,J,Eutelsat Communications SA2.pdf,61.1
971,NZPPHE0001S6,Pushpay Holdings Ltd,1,2011.0,NZL,Q7778F145,20151023.0,NZL,0DQV3Z-E,58.29,US OTC,@NA,NZPPHE0001S6,BMWC68,Pushpay Holdings Ltd,1.0,PHPYF-US,0,SHARE,BMY9QV9,J,Pushpay Holdings Ltd1.pdf,58.2
973,JP3164630000,"Square Enix Holdings Co., Ltd.",1,1975.0,JPN,J7659R109,19910416.0,JPN,07F73C-E,58.29,TOKYO,9684-JP,JP3164630000,630926,"Square Enix Holdings Co., Ltd.",1.0,9684-JP,1,SHARE,6309262,J,"Square Enix Holdings Co., Ltd.1.pdf",58.2
974,JP3835050000,"Headwaters Co., Ltd.",1,2005.0,JPN,J1912S103,20201002.0,JPN,0G90V7-E,58.29,TOKYO,4011-JP,JP3835050000,BMGWZV,"Headwaters Co., Ltd.",1.0,4011-JP,1,SHARE,BMGWZV9,J,"Headwaters Co., Ltd.1.pdf",58.2
975,FDS1P4X5,"Expensify, Inc.",1,2008.0,USA,FDS1P4X52,,USA,00C9B5-E,58.29,@NA,@NA,@NA,30219Q10,"Expensify, Inc.",1.0,@NA,0,SHARE,@NA,J,"Expensify, Inc.1.pdf",58.2
976,SE0010948711,Ovzon AB,1,2016.0,SWE,W6S046104,20180518.0,SWE,0H55C8-E,61.1,OMX NORDIC STOCKHOLM,OVZON-SE,SE0010948711,BD21M2,Ovzon AB,1.0,OVZON-SE,1,SHARE,BD21M27,J,Ovzon AB1.pdf,61.1
977,DE0005104400,ATOSS Software AG,1,1987.0,DEU,D0426N101,20000321.0,DEU,05JCWR-E,58.29,XETRA,AOF-DE,DE0005104400,592735,ATOSS Software AG,1.0,AOF-DE,1,SHARE,5927353,J,ATOSS Software AG2.pdf,58.2
979,CA36468M1005,Gamelancer Media Corp,1,1999.0,CAN,36468M100,20210507.0,CAN,@NA,58.19,CNQ,@NA,CA36468M1005,BLCXNS,Gamelancer Media Corp,1.0,GMNG-CA,1,SHARE,BLCXNS2,J,Gamelancer Media Corp1.pdf,58.1
980,FDS0SBE9,"Zuora, Inc.",1,2007.0,USA,FDS0SBE98,,USA,009XCW-E,58.29,@NA,@NA,@NA,98983V10,"Zuora, Inc.",1.0,@NA,0,SHARE,@NA,J,"Zuora, Inc.3.pdf",58.2
981,GB00BH4HKS39,Vodafone Group Plc,1,1984.0,GBR,G93882192,20220701.0,GBR,002KKH-E,61.2,MEXICO,@NA,GB00BH4HKS39,BH4HKS,Vodafone Group Plc,1.0,VOD1N-MX,0,SHARE,BPG6JP4,J,Vodafone Group Plc1.pdf,61.2
985,ES0105093001,Gigas Hosting SA,1,2011.0,ESP,E5656P105,20151103.0,ESP,0CKG8M-E,58.29,SPAIN,GIGA-ES,ES0105093001,BYV2ZM,Gigas Hosting SA,1.0,GIGA-ES,1,SHARE,BYV2ZM9,J,Gigas Hosting SA1.pdf,58.2
986,HU0000099387,Key-Soft Plc,0,1989.0,HUN,X46746107,20171214.0,HUN,@NA,58.29,LONDON,@NA,HU0000099387,B58HYH,Key-Soft Plc,1.0,0MLL-GB,0,SHARE,B3MF791,J,Key-Soft Plc1.pdf,58.2
988,CA53635T1084,Liquid Meta Capital Holdings Ltd,1,2020.0,CAN,53635T108,,CAN,@NA,58.29,AEQUITAS LIT,@NA,CA53635T1084,BM9JCJ,Liquid Meta Capital Holdings Ltd,1.0,LIQD-CA,1,SHARE,BM9JCJ4,J,Liquid Meta Capital Holdings Ltd1.pdf,58.2
989,US09060C4087,"BIO-key International, Inc.",1,1993.0,USA,09060C408,20040518.0,USA,001F4B-E,58.29,FRANKFURT,@NA,US09060C4087,09060C40,"BIO-key International, Inc.",1.0,BJO-DE,0,SHARE,BMDX2G9,J,"BIO-key International, Inc.1.pdf",58.2
992,FI4000513015,Digital Workforce Services Oyj,1,2015.0,FIN,X1823H109,20211203.0,FIN,@NA,58.29,OMX NORDIC HELSINKI,DWF-FI,FI4000513015,BP4BZ4,Digital Workforce Services Oyj,1.0,DWF-FI,1,SHARE,BP4BZ42,J,Digital Workforce Services Oyj1.pdf,58.2
995,CA37960T1066,Global Compliance Applications Corp,1,2014.0,CAN,37960T106,20141106.0,CAN,00GBC0-E,58.29,FRANKFURT,@NA,CA37960T1066,BNDW2L,Global Compliance Applications Corp,1.0,TK6-DE,0,SHARE,BNXG8R8,J,Global Compliance Applications Corp1.pdf,58.2
996,RO1C3WJVLSM1,Softbinator Technologies,0,2011.0,ROU,X8T68K100,,ROU,@NA,58.29,BUCHAREST SPOT,@NA,RO1C3WJVLSM1,BNYL3M,Softbinator Technologies,1.0,CODE-RO,0,SHARE,BNYL3M2,J,Softbinator Technologies1.pdf,58.2
997,FDS19083,RaySearch Laboratories AB,1,1988.0,SWE,FDS190831,,SWE,05JTKX-E,58.29,@NA,@NA,@NA,759123,RaySearch Laboratories AB,1.0,@NA,0,SHARE,@NA,J,RaySearch Laboratories AB1.pdf,58.2
998,AU000000HTA8,Hutchison Telecommunications (Australia) Limited,1,1988.0,AUS,Q4799Z101,19990817.0,AUS,05J2DR-E,61.2,ASX,HTA-AU,AU000000HTA8,616777,Hutchison Telecommunications (Australia) Limited,1.0,HTA-AU,1,SHARE,6167772,J,Hutchison Telecommunications (Australia) Limited1.pdf,61.2
999,PLCTINT00018,CI Games S.A.,1,2002.0,POL,X30203149,20211101.0,POL,@NA,58.29,US OTC,@NA,PLCTINT00018,B29M6M,CI Games S.A.,1.0,CIGMF-US,0,SHARE,BM9K866,J,CI Games S.A.3.pdf,58.2
1301,BMG8766E1093,Textainer Group Holdings Limited,1,1979.0,USA,G8766E109,20191211.0,BMU,06679M-E,77.39,JSE,TXT-ZA,BMG8766E1093,G8766E10,Textainer Group Holdings Limited,1.0,TXT-ZA,0,SHARE,BKDZ8P2,N,Textainer Group Holdings Limited1.pdf,77.3
1302,US00653Q1022,AdaptHealth Corp.,1,2012.0,USA,00653Q102,20180416.0,USA,0LM26B-E,77.39,NASDAQ,AHCO-US,US00653Q1022,00653Q10,AdaptHealth Corp.,1.0,AHCO-US,1,SHARE,BKDRF35,N,AdaptHealth Corp.3.pdf,77.3
1306,KYG989A21015,Zonqing Environmental Limited,1,2008.0,HKG,G989A2101,20210106.0,CHN,0LKBJ8-E,81.3,HONG KONG,@NA,KYG989A21015,BN2RPZ,Zonqing Environmental Limited,1.0,1855-HK,1,SHARE,BN2RPZ9,N,Zonqing Environmental Limited1.pdf,81.3
1309,INE359A01012,Escorts Finance Limited,1,1987.0,IND,Y2296Y115,19981223.0,IND,@NA,77.39,BSE INDIA,@NA,INE359A01012,616370,Escorts Finance Limited,1.0,511716-IN,1,SHARE,6163703,N,Escorts Finance Limited2.pdf,77.3
1322,AU000000MMS5,Mcmillan Shakespeare Limited,1,1988.0,AUS,Q58998107,20040315.0,AUS,006FG8-E,77.11,ASX,MMS-AU,AU000000MMS5,B00G1Q,Mcmillan Shakespeare Limited,1.0,MMS-AU,1,SHARE,B00G1Q0,N,Mcmillan Shakespeare Limited1.pdf,77.1
1332,TRAFFKRL91P0,QNB Finans Finansal Kiralama A.S.,1,1990.0,TUR,M4578P104,19940221.0,TUR,062BGT-E,77.39,ISTANBUL,QNBFL.E-TR,TRAFFKRL91P0,B03MSM,QNB Finans Finansal Kiralama A.S.,1.0,QNBFL.E-TR,1,SHARE,B03MSM0,N,QNB Finans Finansal Kiralama A.S.1.pdf,77.3
1337,US10948C1071,"BrightView Holdings, Inc.",1,2013.0,USA,10948C107,20180628.0,USA,0GL2M1-E,81.3,NYSE,BV-US,US10948C1071,10948C10,"BrightView Holdings, Inc.",1.0,BV-US,1,SHARE,BG0ZML1,N,"BrightView Holdings, Inc.1.pdf",81.3
1340,US23204X1037,Custom Truck One Source Inc,1,1996.0,USA,23204X103,20171006.0,USA,0NPHPN-E,77.39,NYSE,CTOS-US,US23204X1037,23204X10,Custom Truck One Source Inc,1.0,CTOS-US,1,SHARE,BL66YS4,N,Custom Truck One Source Inc1.pdf,77.3
1356,CA2861812014,Element Fleet Management Corporation,1,2007.0,CAN,286181201,20120423.0,CAN,0C8SPL-E,77.12,US OTC,@NA,CA2861812014,B7FNMQ,Element Fleet Management Corporation,1.0,ELEEF-US,0,SHARE,B732GF8,N,Element Fleet Management Corporation2.pdf,77.1
1362,JP3699800003,"Nippon Care Supply Co., Ltd.",1,1998.0,JPN,J5227M107,20040227.0,JPN,@NA,77.39,TOKYO,2393-JP,JP3699800003,673587,"Nippon Care Supply Co., Ltd.",1.0,2393-JP,1,SHARE,6735878,N,"Nippon Care Supply Co., Ltd.2.pdf",77.3
1367,KYG211241057,China Aircraft Leasing Group Holdings Ltd.,1,2006.0,HKG,G21124105,20140711.0,HKG,0DN2GH-E,77.39,HONG KONG,1848-HK,KYG211241057,BNY7YW,China Aircraft Leasing Group Holdings Ltd.,1.0,1848-HK,1,SHARE,BNY7YW7,N,China Aircraft Leasing Group Holdings Ltd.1.pdf,77.3
1369,ID1000189103,PT Sarana Mitra Luas Tbk,0,1996.0,IDN,Y747FE110,20230512.0,IDN,@NA,77.39,INDONESIA,@NA,ID1000189103,BPLQ10,PT Sarana Mitra Luas Tbk,1.0,SMIL-ID,0,SHARE,BPLQ108,N,PT Sarana Mitra Luas Tbk3.pdf,77.3
1371,KYG5213K1004,Kaisa Capital Investment Holdings Limited,1,2010.0,HKG,G5213K100,20100719.0,HKG,09VX3R-E,77.32,HONG KONG,@NA,KYG5213K1004,BP0TM4,Kaisa Capital Investment Holdings Limited,1.0,936-HK,1,SHARE,BP0TM49,N,Kaisa Capital Investment Holdings Limited1.pdf,77.3
1378,JP3215200001,"Kanamoto Co., Ltd.",1,1964.0,JPN,J29557105,19920707.0,JPN,05J393-E,77.32,TOKYO,9678-JP,JP3215200001,648290,"Kanamoto Co., Ltd.",1.0,9678-JP,1,SHARE,6482903,N,"Kanamoto Co., Ltd.1.pdf",77.3
1387,SE0010985028,Green Landscaping Group AB,1,2008.0,SWE,W4R14Q104,20180323.0,SWE,081G85-E,81.3,OMX NORDIC STOCKHOLM,GREEN-SE,SE0010985028,BF1F2G,Green Landscaping Group AB,1.0,GREEN-SE,1,SHARE,BF1F2G8,N,Green Landscaping Group AB1.pdf,81.3
1389,ES0105588000,Aeternal Mentis SA,1,2020.0,ESP,E5R64Y103,20210723.0,ESP,0NGK97-E,77.33,SPAIN,@NA,ES0105588000,BMCM85,Aeternal Mentis SA,1.0,AMEN-ES,1,SHARE,BMCM858,N,Aeternal Mentis SA1.pdf,77.3
1397,ID1000116205,PT Visi Telekomunikasi Infrastruktur Tbk,1,1995.0,IDN,Y7125Z100,20100707.0,IDN,@NA,77.39,INDONESIA,GOLD-ID,ID1000116205,B3WT65,PT Visi Telekomunikasi Infrastruktur Tbk,1.0,GOLD-ID,1,SHARE,B3WT652,N,PT Visi Telekomunikasi Infrastruktur Tbk2.pdf,77.3
1399,JP3163490000,"SBI Leasing Services Co.,Ltd.",0,2016.0,JPN,J6991U101,20221019.0,JPN,@NA,77.39,TOKYO,5834-JP,JP3163490000,BPX4JB,"SBI Leasing Services Co.,Ltd.",1.0,5834-JP,0,SHARE,BPX4JB7,N,"SBI Leasing Services Co.,Ltd.2.pdf",77.3
1723,AU000000NAM1,Namoi Cotton Ltd,1,1962.0,AUS,Q6518L107,19980406.0,AUS,05JG1Z-E,1.63,ASX,NAM-AU,AU000000NAM1,610827,Namoi Cotton Ltd,1.0,NAM-AU,1,SHARE,6108276,A,Namoi Cotton Ltd1.pdf,01.6
1724,NO0010768500,Atlantic Sapphire ASA,1,2010.0,NOR,R07217103,20180502.0,NOR,0H3Y0F-E,3.11,US OTC,@NA,NO0010768500,BDFG5D,Atlantic Sapphire ASA,1.0,AASZF-US,0,SHARE,BD97BR6,A,Atlantic Sapphire ASA1.pdf,03.1
1727,AU000000AAC9,Australian Agricultural Company Limited,1,1824.0,AUS,Q08448112,20010810.0,AUS,05JYQR-E,1.62,ASX,AAC-AU,AU000000AAC9,638228,Australian Agricultural Company Limited,1.0,AAC-AU,1,SHARE,6382285,A,Australian Agricultural Company Limited1.pdf,01.6
1728,INE054C01015,Waterbase Limited,1,1987.0,IND,Y8799W118,19990215.0,IND,05JTBN-E,3.21,BSE INDIA,523660-IN,INE054C01015,694229,Waterbase Limited,1.0,523660-IN,1,SHARE,6942292,A,Waterbase Limited2.pdf,03.2
1730,SG1BE8000008,Qian Hu Corporation Limited,1,1998.0,SGP,Y2772H156,20001108.0,SGP,@NA,3.21,SINGAPORE,BCV-SG,SG1BE8000008,BYV9SF,Qian Hu Corporation Limited,1.0,BCV-SG,1,SHARE,BYV9SF4,A,Qian Hu Corporation Limited1.pdf,03.2
1735,NO0010892094,Salmon Evolution ASA,1,2020.0,NOR,R7445F105,20200918.0,NOR,0MN9N4-E,3.21,OSLO,SALME-NO,NO0010892094,BMGWLL,Salmon Evolution ASA,1.0,SALME-NO,1,SHARE,BMGWLL1,A,Salmon Evolution ASA1.pdf,03.2
1737,LK0313N00003,Malwatte Valley Plantations Plc,1,1992.0,LKA,Y5757K102,20000726.0,LKA,081QN7-E,1.61,COLOMBO,MAL.N0000-LK,LK0313N00003,624316,Malwatte Valley Plantations PLC,1.0,MAL.N0000-LK,1,SHARE,6243166,A,Malwatte Valley Plantations Plc1.pdf,01.6
1740,GB0002074580,Genus plc,1,1994.0,GBR,G3827X105,19980130.0,GBR,05JYQL-E,1.62,LONDON,GNS-GB,GB0002074580,020745,Genus plc,1.0,GNS-GB,1,SHARE,0207458,A,Genus plc1.pdf,01.6
1747,GB0000365774,Anglo-Eastern Plantations Plc,1,1985.0,GBR,G03780106,19850517.0,GBR,05JBQG-E,1.61,LONDON,AEP-GB,GB0000365774,003657,Anglo-Eastern Plantations Plc,1.0,AEP-GB,1,SHARE,0036577,A,Anglo-Eastern Plantations Plc1.pdf,01.6
1759,MYL3034OO005,Hap Seng Consolidated Bhd.,1,1975.0,MYS,Y6579W100,19850813.0,MYS,05HZXV-E,1.61,MALAYSIA,3034-MY,MYL3034OO005,629774,Hap Seng Consolidated Bhd.,1.0,3034-MY,1,SHARE,6297743,A,Hap Seng Consolidated Bhd.3.pdf,01.6
1760,CA9411881043,"Water Ways Technologies, Inc.",1,2007.0,CAN,941188104,20210617.0,CAN,@NA,1.61,US OTC,@NA,CA9411881043,BJX69G,"Water Ways Technologies, Inc.",1.0,WWTIF-US,0,SHARE,BP4W0N9,A,"Water Ways Technologies, Inc.3.pdf",01.6
1764,ID1000160302,PT Triputra Agro Persada Tbk,1,2005.0,IDN,Y897CD100,20210412.0,IDN,06T3QF-E,1.61,INDONESIA,TAPG-ID,ID1000160302,BNVTTV,PT Triputra Agro Persada Tbk,1.0,TAPG-ID,1,SHARE,BNVTTV0,A,PT Triputra Agro Persada Tbk1.pdf,01.6
1765,CL0001717116,Compania Pesquera Camanchaca S.A.,1,1963.0,CHL,P3090A105,20101201.0,CHL,05ZBJJ-E,3.11,SANTIAGO,CAMANCHACA-CL,CL0001717116,B3NDYP,Compania Pesquera Camanchaca S.A.,1.0,CAMANCHACA-CL,1,SHARE,B3NDYP9,A,Compania Pesquera Camanchaca S.A.2.pdf,03.1
1766,CL0002409135,Salmones Camanchaca SA,1,2009.0,CHL,P8325N103,20200622.0,CHL,0H9N5C-E,3.21,US OTC,@NA,CL0002409135,BFWK4K,Salmones Camanchaca SA,1.0,SLMCF-US,0,SHARE,BJP0F57,A,Salmones Camanchaca SA1.pdf,03.2
1772,MYL5029OO003,Far East Holdings Bhd.,1,1973.0,MYS,Y24404108,19910710.0,MYS,@NA,1.61,MALAYSIA,5029-MY,MYL5029OO003,633193,Far East Holdings Bhd.,1.0,5029-MY,1,SHARE,6331931,A,Far East Holdings Bhd.1.pdf,01.6
1775,NO0010724701,Icelandic Salmon AS,1,2009.0,NOR,R3852Z106,20191118.0,ISL,0H3LZ3-E,3.21,OSLO,ISLAX-NO,NO0010724701,BL0HL5,Icelandic Salmon AS,1.0,ISLAX-NO,1,SHARE,BL0HL59,A,Icelandic Salmon AS1.pdf,03.2
1776,NZSEKE0001S8,Seeka Limited,1,1980.0,NZL,Q8445W107,20031125.0,NZL,060XRQ-E,1.63,NEW ZEALAND,SEK-NZ,NZSEKE0001S8,671378,Seeka Limited,1.0,SEK-NZ,1,SHARE,6713788,A,Seeka Limited1.pdf,01.6
1777,BMG169621056,Bunge Limited,1,1818.0,USA,G16962105,20041015.0,USA,003B1C-E,1.63,FRANKFURT,@NA,BMG169621056,G1696210,Bunge Limited,1.0,BU3-DE,0,SHARE,B03BPC6,A,Bunge Limited1.pdf,01.6
1778,MYL5138OO002,Hap Seng Plantations Holdings Bhd.,1,2007.0,MYS,Y30686102,20071116.0,MYS,@NA,1.61,MALAYSIA,5138-MY,MYL5138OO002,B28VNR,Hap Seng Plantations Holdings Bhd.,1.0,5138-MY,1,SHARE,B28VNR6,A,Hap Seng Plantations Holdings Bhd.1.pdf,01.6
1780,SG1T56930848,Wilmar International Limited,1,1991.0,SGP,Y9586L109,20070720.0,SGP,06BM3M-E,1.61,FRANKFURT,@NA,SG1T56930848,B17KC6,Wilmar International Limited,1.0,RTHA-DE,0,SHARE,B23FGH4,A,Wilmar International Limited2.pdf,01.6
1789,ID1000167109,PT Teladan Prima Agro Tbk,1,2004.0,IDN,Y8T82W105,20220412.0,IDN,0DBV3V-E,1.61,INDONESIA,@NA,ID1000167109,BMFTCV,PT Teladan Prima Agro Tbk,1.0,TLDN-ID,1,SHARE,BMFTCV0,A,PT Teladan Prima Agro Tbk1.pdf,01.6
1790,NO0010886625,Aker BioMarine ASA,1,2013.0,NOR,R0R38R108,20200706.0,NOR,0MK870-E,3.21,OSLO,AKBM-NO,NO0010886625,BMGNX5,Aker BioMarine ASA,1.0,AKBM-NO,1,SHARE,BMGNX52,A,Aker BioMarine ASA1.pdf,03.2
1795,FDS0KI5L,Maskeliya Plantations Plc,1,1992.0,LKA,FDS0KI5L4,,LKA,05K47P-E,1.61,@NA,@NA,@NA,607353,Maskeliya Plantations Plc,1.0,@NA,0,SHARE,@NA,A,Maskeliya Plantations Plc3.pdf,01.6
1801,US69401A1079,PSH Group Holding Inc,0,2010.0,USA,69401A107,20110929.0,USA,@NA,1.61,US OTC,@NA,US69401A1079,69401A10,PSH Group Holding Inc,1.0,GLHD-US,0,SHARE,BN0Y411,A,PSH Group Holding Inc1.pdf,01.6
1804,MYL5027OO007,Kim Loong Resources Bhd.,1,1967.0,MYS,Y47929107,20001127.0,MYS,05W10J-E,1.61,MALAYSIA,5027-MY,MYL5027OO007,631114,Kim Loong Resources Bhd.,1.0,5027-MY,1,SHARE,6311148,A,Kim Loong Resources Bhd.1.pdf,01.6
1905,US0316521006,"Amkor Technology, Inc.",1,1968.0,USA,031652100,19980501.0,USA,001T0G-E,26.11,NASDAQ,AMKR-US,US0316521006,03165210,"Amkor Technology, Inc.",1.0,AMKR-US,1,SHARE,2242929,C,"Amkor Technology, Inc.1.pdf",26.1
1907,TW0003533006,"Lotes Co., Ltd",1,1986.0,TWN,Y53302116,20061114.0,TWN,06SKFG-E,26.11,TAIWAN,3533-TW,TW0003533006,B1GJFG,"Lotes Co., Ltd",1.0,3533-TW,1,SHARE,B1GJFG8,C,"Lotes Co., Ltd1.pdf",26.1
1908,US65343E1082,"NextCure, Inc.",1,2015.0,USA,65343E108,20190509.0,USA,0FZZVT-E,21.2,NASDAQ,NXTC-US,US65343E1082,65343E10,"NextCure, Inc.",1.0,NXTC-US,1,SHARE,BJL3CL5,C,"NextCure, Inc.1.pdf",21.2
1910,BE0003818359,Galapagos NV,1,1999.0,NLD,B44170106,20050509.0,BEL,0085DD-E,21.1,EURONEXT AMSTERDAM,GLPG-NL,BE0003818359,B07Q2V,Galapagos NV,1.0,GLPG-NL,1,SHARE,B07Q2V5,C,Galapagos NV1.pdf,21.1
1911,TW0006197007,"Jess-Link Products Co., Ltd.",1,1992.0,TWN,Y4439Y101,20021211.0,TWN,061K5X-E,26.11,TAIWAN,6197-TW,TW0006197007,656479,"Jess-Link Products Co., Ltd.",1.0,6197-TW,1,SHARE,6564793,C,"Jess-Link Products Co., Ltd.1.pdf",26.1
1916,US07373V1052,"Beam Therapeutics, Inc.",1,2017.0,USA,07373V105,20200206.0,USA,0JJSH9-E,21.1,NASDAQ,BEAM-US,US07373V1052,07373V10,"Beam Therapeutics, Inc.",1.0,BEAM-US,1,SHARE,BK6L288,C,"Beam Therapeutics, Inc.1.pdf",21.1
1926,CA21872J3073,"Core One Labs, Inc.",1,2010.0,CAN,21872J307,20111114.0,CAN,00D38R-E,21.2,CNQ,@NA,CA21872J3073,BNW000,"Core One Labs, Inc.",1.0,COOL-CA,1,SHARE,BNW0008,C,"Core One Labs, Inc.3.pdf",21.2
1936,US0043971052,Accuray Incorporated,1,1990.0,USA,004397105,20070208.0,USA,060ZXV-E,26.6,NASDAQ,ARAY-US,US0043971052,00439710,Accuray Incorporated,1.0,ARAY-US,1,SHARE,B1R2HW6,C,Accuray Incorporated1.pdf,26.6
1941,US92532F1003,Vertex Pharmaceuticals Incorporated,1,1989.0,USA,92532F100,19910724.0,USA,000YJB-E,21.2,NASDAQ,VRTX-US,US92532F1003,92532F10,Vertex Pharmaceuticals Incorporated,1.0,VRTX-US,1,SHARE,2931034,C,Vertex Pharmaceuticals Incorporated2.pdf,21.2
1943,KYG8167W1380,Sino Biopharmaceutical Limited,1,2000.0,HKG,G8167W138,20000929.0,HKG,05L60N-E,21.2,HONG KONG,1177-HK,KYG8167W1380,B00XSF,Sino Biopharmaceutical Limited,1.0,1177-HK,1,SHARE,B00XSF9,C,Sino Biopharmaceutical Limited1.pdf,21.2
1950,US75082Q1058,Rain Oncology Inc.,1,2017.0,USA,75082Q105,20210423.0,USA,0HRJ1H-E,21.1,NASDAQ,RAIN-US,US75082Q1058,75082Q10,Rain Oncology Inc.,1.0,RAIN-US,1,SHARE,BN2RM92,C,Rain Oncology Inc.3.pdf,21.1
1953,KYG677291067,Jacobson Pharma Corporation Limited,1,2016.0,HKG,G67729106,20160921.0,HKG,0G62LQ-E,21.2,HONG KONG,2633-HK,KYG677291067,BYZTBB,Jacobson Pharma Corporation Limited,1.0,2633-HK,1,SHARE,BYZTBB7,C,Jacobson Pharma Corporation Limited1.pdf,21.2
1954,KYG211081248,China Medical System Holdings Ltd.,1,1995.0,HKG,G21108124,20100928.0,CHN,06T6PN-E,21.2,HONG KONG,867-HK,KYG211081248,B6WY99,China Medical System Holdings Ltd.,1.0,867-HK,1,SHARE,B6WY993,C,China Medical System Holdings Ltd.1.pdf,21.2
1964,US6273352012,MusclePharm Corporation,1,2006.0,USA,627335201,20081202.0,USA,09MF15-E,21.1,US OTC,MSLPQ-US,US6273352012,62733520,MusclePharm Corporation,1.0,MSLPQ-US,1,SHARE,B8H56K5,C,MusclePharm Corporation1.pdf,21.1
1966,TW0004186002,"Taiwan Advance Bio-Pharmaceutical, Inc.",1,2000.0,TWN,Y8T6F2101,20121127.0,TWN,0CB5HZ-E,21.2,TAIPEI,@NA,TW0004186002,B92DZG,"Taiwan Advance Bio-Pharmaceutical, Inc.",1.0,4186-TW,1,SHARE,B92DZG0,C,"Taiwan Advance Bio-Pharmaceutical, Inc.3.pdf",21.2
1967,US50127T1097,"Kura Oncology, Inc.",1,2014.0,USA,50127T109,20150916.0,USA,00GKS0-E,21.1,NASDAQ,KURA-US,US50127T1097,50127T10,"Kura Oncology, Inc.",1.0,KURA-US,1,SHARE,BYZD465,C,"Kura Oncology, Inc.1.pdf",21.1
1970,CA86102Q1081,Stock Trend Capital Inc.,1,1965.0,CAN,86102Q108,19960301.0,CAN,0KR5P9-E,21.1,CNQ,@NA,CA86102Q1081,BQKRMR,Stock Trend Capital Inc.,1.0,PUMP-CA,1,SHARE,BQKRMR3,C,Stock Trend Capital Inc.2.pdf,21.1
1982,TW0004142005,Adimmune Corporation,1,1965.0,TWN,Y0013X105,20100929.0,TWN,06Q04T-E,21.2,TAIWAN,4142-TW,TW0004142005,B3ML0F,Adimmune Corporation,1.0,4142-TW,1,SHARE,B3ML0F6,C,Adimmune Corporation1.pdf,21.2
1985,US50015M1099,"Kodiak Sciences, Inc.",1,2009.0,USA,50015M109,20181004.0,USA,0JJRNG-E,21.1,NASDAQ,KOD-US,US50015M1099,50015M10,"Kodiak Sciences, Inc.",1.0,KOD-US,1,SHARE,BFXC933,C,"Kodiak Sciences, Inc.1.pdf",21.1
1986,TW0008432006,TSH Biopharm Corp. Ltd.,1,2010.0,TWN,Y8975W106,20110616.0,TWN,@NA,21.2,TAIPEI,8432-TW,TW0008432006,B597YM,TSH Biopharm Corp. Ltd.,1.0,8432-TW,1,SHARE,B597YM6,C,TSH Biopharm Corp. Ltd.1.pdf,21.2
1991,JP3833400009,"Precision System Science Co.,Ltd",1,1985.0,JPN,J6397V109,20220727.0,JPN,05J49X-E,21.2,US OTC,@NA,JP3833400009,631824,"Precision System Science Co.,Ltd",1.0,PCNEF-US,0,SHARE,BMVHNY8,C,"Precision System Science Co.,Ltd1.pdf",21.2
2001,TW0004743000,"Oneness Biotech Co., Ltd.",1,2008.0,TWN,Y6425E106,20090622.0,TWN,@NA,21.2,TAIPEI,4743-TW,TW0004743000,B606XG,"Oneness Biotech Co., Ltd.",1.0,4743-TW,1,SHARE,B606XG6,C,"Oneness Biotech Co., Ltd.3.pdf",21.2
2002,US09075F1075,"Bionano Genomics, Inc.",1,2003.0,USA,09075F107,20180921.0,USA,06WDG4-E,21.1,NASDAQ,BNGO-US,US09075F1075,09075F10,"Bionano Genomics, Inc.",1.0,BNGO-US,1,SHARE,BFY8K60,C,"Bionano Genomics, Inc.1.pdf",21.1
2152,KYG5352A1031,Lai Si Enterprise Holding Ltd.,1,2016.0,HKG,G5352A103,20170210.0,MAC,0GHP0M-E,41.1,HONG KONG,@NA,KYG5352A1031,BD1MJX,Lai Si Enterprise Holding Ltd.,1.0,2266-HK,1,SHARE,BD1MJX1,F,Lai Si Enterprise Holding Ltd.1.pdf,41.1
2153,FDS0EIVW,"Jujiang Construction Group Co., Ltd.",1,1965.0,HKG,FDS0EIVW8,,CHN,0FS1Q7-E,41.1,@NA,@NA,@NA,BYV50T,"Jujiang Construction Group Co., Ltd.",1.0,@NA,0,SHARE,@NA,F,"Jujiang Construction Group Co., Ltd.1.pdf",41.1
2154,VN000000DLR9,Dalat Real Estate JSC,0,1992.0,VNM,Y19652109,20100520.0,VNM,09RV0R-E,42.99,HANOI,@NA,VN000000DLR9,B3R2JR,Dalat Real Estate JSC,1.0,DLR-VN,1,SHARE,B3R2JR9,F,Dalat Real Estate JSC2.pdf,42.9
2156,HK0257001336,China Everbright Environment Group Limited,0,1961.0,HKG,Y14226107,,HKG,05J34H-E,42.22,MEXICO,@NA,HK0257001336,663094,China Everbright Environment Group Limited,1.0,257N-MX,0,SHARE,BJRF516,F,China Everbright Environment Group Limited1.pdf,42.2
2157,TH3443010006,Sriracha Construction Public Co. Ltd.,1,1980.0,THA,Y7866U104,20120702.0,THA,@NA,42.99,THAILAND,SRICHA-TH,TH3443010006,B7H46C,Sriracha Construction Public Co. Ltd.,1.0,SRICHA-TH,1,SHARE,B7H46C7,F,Sriracha Construction Public Co. Ltd.1.pdf,42.9
2158,AU000000JLG8,Johns Lyng Group Ltd,1,1953.0,AUS,Q5081S101,20171026.0,AUS,@NA,41.1,ASX,JLG-AU,AU000000JLG8,BYPHBX,Johns Lyng Group Ltd,1.0,JLG-AU,1,SHARE,BYPHBX3,F,Johns Lyng Group Ltd1.pdf,41.1
2159,INE243D01012,BF Utilities Ltd.,1,2000.0,IND,Y08804125,20011231.0,IND,0064NG-E,42.11,BSE INDIA,532430-IN,INE243D01012,B03JNJ,BF Utilities Ltd.,1.0,532430-IN,1,SHARE,B03JNJ3,F,BF Utilities Ltd.3.pdf,42.1
2161,NL0000113652,Kardan N.V.,1,2003.0,ISR,N4784C102,20031028.0,NLD,05W811-E,42.22,TEL AVIV,KRNV.M-IL,NL0000113652,669714,Kardan N.V.,1.0,KRNV.M-IL,1,SHARE,6697149,F,Kardan N.V.1.pdf,42.2
2162,SG2F06984247,Sysma Holdings Ltd.,1,1986.0,SGP,Y831AF106,20120803.0,SGP,0CPJV2-E,41.2,SINGAPORE,@NA,SG2F06984247,B8Q8VR,Sysma Holdings Ltd.,1.0,5UO-SG,1,SHARE,B8Q8VR7,F,Sysma Holdings Ltd.2.pdf,41.2
2164,MYL5263OO008,Sunway Construction Group Bhd.,1,2014.0,MYS,Y83096100,20150728.0,MYS,0DZ74X-E,41.2,MALAYSIA,5263-MY,MYL5263OO008,BX909K,Sunway Construction Group Bhd.,1.0,5263-MY,1,SHARE,BX909K4,F,Sunway Construction Group Bhd.1.pdf,41.2
2165,EE3100039496,Nordecon AS,0,1989.0,EST,X5876S102,20171214.0,EST,06GXFL-E,41.2,LONDON,@NA,EE3100039496,B15CLP,Nordecon AS,1.0,0NZ8-GB,0,SHARE,B28GWP2,F,Nordecon AS1.pdf,41.2
2166,KYG183221004,Canvest Environmental Protection Group Co. Ltd.,0,2014.0,HKG,G18322100,,HKG,0DY262-E,42.22,BERNE,@NA,KYG183221004,BTLWVY,Canvest Environmental Protection Group Co. Ltd.,1.0,@NA,0,SHARE,BMF1V97,F,Canvest Environmental Protection Group Co. Ltd.1.pdf,42.2
2167,TW0005515001,"Chien Kuo Construction Co., Ltd",1,1931.0,TWN,Y13671105,19990903.0,TWN,05WWM3-E,41.1,TAIWAN,5515-TW,TW0005515001,614275,"Chien Kuo Construction Co., Ltd",1.0,5515-TW,1,SHARE,6142757,F,"Chien Kuo Construction Co., Ltd3.pdf",41.1
2168,FDS16KXN,Eltel AB,1,2007.0,SWE,FDS16KXN8,,SWE,0F9PKS-E,42.22,@NA,@NA,@NA,BVRZ9V,Eltel AB,1.0,@NA,0,SHARE,@NA,F,Eltel AB1.pdf,42.2
2171,KYG216771363,China State Construction International Holdings Limited,0,2004.0,HKG,G21677136,,HKG,064T8Z-E,42.11,BERNE,@NA,KYG216771363,B0BM5T,China State Construction International Holdings Limited,1.0,C4S1-CH,0,SHARE,BL63G45,F,China State Construction International Holdings Limited1.pdf,42.1
2172,AU000000LLC3,Lendlease Group,0,1958.0,AUS,Q55368114,,AUS,089VZ3-E,41.1,BERNE,@NA,AU000000LLC3,651200,Lendlease Group,1.0,LLC-CH,0,SHARE,BHZLLF8,F,Lendlease Group1.pdf,41.1
2173,KYG937641358,Green Economy Development Limited,1,2011.0,HKG,G93764135,,HKG,0C9CY7-E,41.2,US OTC,@NA,KYG937641358,BM9Z6Q,Green Economy Development Limited,1.0,VSFFF-US,0,SHARE,BNM0D65,F,Green Economy Development Limited1.pdf,41.2
2174,NO0010368228,On & Offshore Services AS,0,2003.0,NOR,R67093105,20070529.0,NOR,@NA,42.99,NORWEGIAN OTC MARKET,@NA,NO0010368228,B1Y4PF,On & Offshore Services AS,1.0,ONOF-NO,1,SHARE,B1Y4PF4,F,On & Offshore Services AS1.pdf,42.9
2177,SE0016798417,Netel Holding AB,1,2021.0,SWE,W5709Z118,20220107.0,SWE,@NA,42.22,LONDON,@NA,SE0016798417,BN4N2L,Netel Holding AB,1.0,0AAB-GB,0,SHARE,BMG9CT7,F,Netel Holding AB1.pdf,42.2
2178,INE962Y01021,IRCON International Ltd.,1,1976.0,IND,Y39397131,20180928.0,IND,08XPPD-E,42.11,BSE INDIA,541956-IN,INE962Y01021,BM7SZX,IRCON International Ltd.,1.0,541956-IN,1,SHARE,BM7SZX8,F,IRCON International Ltd.3.pdf,42.1
2179,GB0000904986,Bellway p.l.c.,1,1978.0,GBR,G09744155,20071003.0,GBR,05HXSC-E,41.2,FRANKFURT,@NA,GB0000904986,009049,Bellway p.l.c.,1.0,41B-DE,0,SHARE,B287JM1,F,Bellway p.l.c.1.pdf,41.2
2181,BE0003764785,Ackermans & van Haaren NV,0,1876.0,BEL,B01165156,,BEL,05HXKZ-E,42.99,BERNE,@NA,BE0003764785,571577,Ackermans & van Haaren NV,1.0,B3K-CH,0,SHARE,BHZL7C7,F,Ackermans & van Haaren NV1.pdf,42.9
2183,MYL5297OO006,Tuju Setia Bhd.,1,2005.0,MYS,Y9000J102,20210519.0,MYS,0NRTZS-E,41.1,MALAYSIA,5297-MY,MYL5297OO006,BNG0HC,Tuju Setia Bhd.,1.0,5297-MY,1,SHARE,BNG0HC5,F,Tuju Setia Bhd.1.pdf,41.1
2184,FDS0M2RN,PT Adhi Karya (Persero) Tbk,1,1960.0,IDN,FDS0M2RN9,,IDN,061131-E,42.11,@NA,@NA,@NA,B00D9M,PT Adhi Karya (Persero) Tbk,1.0,@NA,0,SHARE,@NA,F,PT Adhi Karya (Persero) Tbk1.pdf,42.1
2185,BMG668971101,NWS Holdings Limited,1,1996.0,HKG,G66897110,20141117.0,HKG,05J32R-E,41.1,HONG KONG CONNECT  - SHANGHAI,659-HSC,BMG668971101,656835,NWS Holdings Limited,1.0,@NA,0,SHARE,BP3RWQ2,F,NWS Holdings Limited1.pdf,41.1
2186,ID1000168909,PT Arkora Hydro Tbk,1,2010.0,IDN,Y0S1Q3106,20220708.0,IDN,0LFZ4N-E,42.99,INDONESIA,@NA,ID1000168909,BMZ42F,PT Arkora Hydro Tbk,1.0,ARKO-ID,1,SHARE,BMZ42F9,F,PT Arkora Hydro Tbk2.pdf,42.9
2187,FDSFCBC8,"Baoye Group Co., Ltd.",1,1974.0,HKG,FDSFCBC86,,CHN,05R5KS-E,41.2,@NA,@NA,@NA,664966,"Baoye Group Co., Ltd.",1.0,@NA,0,SHARE,@NA,F,"Baoye Group Co., Ltd.1.pdf",41.2
2188,KYG3962W1024,Golden Ponder Holdings Limited,1,2017.0,HKG,G3962W102,20180822.0,HKG,@NA,41.2,HONG KONG,@NA,KYG3962W1024,BGGJJ2,Golden Ponder Holdings Limited,1.0,1783-HK,1,SHARE,BGGJJ27,F,Golden Ponder Holdings Limited1.pdf,41.2
2190,US96951A1043,Williams Industrial Services Group Inc.,1,1958.0,USA,96951A104,20010518.0,USA,0036BR-E,42.22,NYSE AMERICAN,WLMS-US,US96951A1043,96951A10,Williams Industrial Services Group Inc.,1.0,WLMS-US,1,SHARE,BG7PR53,F,Williams Industrial Services Group Inc.2.pdf,42.2
2192,GB0001859296,Vistry Group PLC,1,1935.0,GBR,G9424B107,20040303.0,GBR,05HYW2-E,41.2,US OTC,@NA,GB0001859296,018592,Vistry Group PLC,1.0,BVHMF-US,0,SHARE,B02S6X6,F,Vistry Group PLC1.pdf,41.2
2193,SG2E68980290,Civmec Ltd.,1,2009.0,SGP,Y16376108,20120413.0,AUS,0CHG23-E,42.99,SINGAPORE,P9D-SG,SG2E68980290,B75ZM2,Civmec Ltd.,1.0,P9D-SG,1,SHARE,B75ZM24,F,Civmec Ltd.1.pdf,42.9
2194,QA000BD0VCK4,Mekdam Holding Group Company,1,2018.0,QAT,M6872C101,20210809.0,QAT,@NA,41.1,DOHA,@NA,QA000BD0VCK4,BNQMSD,Mekdam Holding Group Company,1.0,MKDM-QA,1,SHARE,BNQMSD9,F,Mekdam Holding Group Company1.pdf,41.1
2195,INE469F01026,KCL Infra Projects Ltd,1,1995.0,IND,Y4481M112,20050120.0,IND,09P4B4-E,41.2,BSE INDIA,@NA,INE469F01026,B031LP,KCL Infra Projects Ltd,1.0,531784-IN,1,SHARE,B031LP1,F,KCL Infra Projects Ltd1.pdf,41.2
2197,ID1000141104,PT Wijaya Karya Bangunan Gedung Tbk,1,2008.0,IDN,Y937J0105,20171130.0,IDN,0HC5GB-E,41.1,INDONESIA,WEGE-ID,ID1000141104,BF2S51,PT Wijaya Karya Bangunan Gedung Tbk,1.0,WEGE-ID,1,SHARE,BF2S512,F,PT Wijaya Karya Bangunan Gedung Tbk1.pdf,41.1
2198,US8894781033,"Toll Brothers, Inc.",1,1967.0,USA,889478103,20180129.0,USA,000XS9-E,41.2,LONDON,@NA,US8894781033,88947810,"Toll Brothers, Inc.",1.0,0LFS-GB,0,SHARE,BD6TJS2,F,"Toll Brothers, Inc.1.pdf",41.2
2199,US9038581081,Ultimate Lifestyle Corporation,0,1998.0,USA,903858108,19980610.0,USA,@NA,41.2,US OTC,UMLS-US,US9038581081,90385810,Ultimate Lifestyle Corporation,1.0,UMLS-US,1,SHARE,2249748,F,Ultimate Lifestyle Corporation2.pdf,41.2
2200,PLEDINV00014,ED invest S.A.,0,2003.0,POL,X19456114,20171214.0,POL,@NA,41.2,LONDON,@NA,PLEDINV00014,B532QF,ED invest S.A.,1.0,0Q3R-GB,0,SHARE,B5N57F0,F,ED invest S.A.1.pdf,41.2
2201,KH1000140009,Pestech (Cambodia) Plc,1,2010.0,@NA,FDS215WX3,,KHM,@NA,42.22,@NA,@NA,KH1000140009,FDS215WX,Pestech (Cambodia) Plc,1.0,PEPC-KH,1,SHARE,@NA,F,Pestech (Cambodia) Plc1.pdf,42.2
2203,DE0005909006,Bilfinger SE,1,1880.0,DEU,D11648108,19850102.0,DEU,05HQLJ-E,41.2,XETRA,GBF-DE,DE0005909006,511738,Bilfinger SE,1.0,GBF-DE,1,SHARE,5117381,F,Bilfinger SE1.pdf,41.2
2204,GB00BCDPBX55,Etalon Group Plc,1,1987.0,CYP,M4063J100,,CYP,00D3F6-E,41.2,UNITED KINGDOM UNLISTED,@NA,GB00BCDPBX55,B5TWX8,Etalon Group Plc,1.0,@NA,1,SHARE,BCDPBX5,F,Etalon Group Plc1.pdf,41.2
2205,KYG428581030,Hanison Construction Holdings Limited,1,2001.0,HKG,G42858103,,HKG,05VGC7-E,41.1,US OTC,@NA,KYG428581030,643344,Hanison Construction Holdings Limited,1.0,HACOF-US,0,SHARE,B0376L0,F,Hanison Construction Holdings Limited1.pdf,41.1
2206,GB0000811801,Barratt Developments PLC,0,1958.0,GBR,G08288105,,GBR,05HWZ1-E,41.2,BERNE,@NA,GB0000811801,008118,Barratt Developments PLC,1.0,3BA-CH,0,SHARE,BKT1Z86,F,Barratt Developments PLC1.pdf,41.2
2207,IT0005495657,Saipem S.p.A.,1,1957.0,ITA,T82000257,19850116.0,ITA,05HWJ4-E,42.22,MILAN,SPM-IT,IT0005495657,BMY36H,Saipem S.p.A.,1.0,SPM-IT,1,SHARE,BMY36H7,F,Saipem S.p.A.1.pdf,42.2
2208,NL0009269109,Heijmans NV,1,1923.0,NLD,N3928R264,19930921.0,NLD,05HZCR-E,41.1,EURONEXT AMSTERDAM,HEIJM-NL,NL0009269109,507503,Heijmans NV,1.0,HEIJM-NL,1,SHARE,5075036,F,Heijmans NV1.pdf,41.1
2209,CA09076P1045,Bird Construction Inc.,1,1920.0,CAN,09076P104,20060227.0,CAN,00CZ0Z-E,41.2,TORONTO,BDT-CA,CA09076P1045,B6621M,Bird Construction Inc.,1.0,BDT-CA,1,SHARE,B6621M0,F,Bird Construction Inc.1.pdf,41.2
2210,ID1000120702,PT Solusi Tunas Pratama Tbk,1,2006.0,IDN,Y71378106,20111011.0,IDN,0BJS79-E,42.22,INDONESIA,SUPR-ID,ID1000120702,B6X19S,PT Solusi Tunas Pratama Tbk,1.0,SUPR-ID,1,SHARE,B6X19S2,F,PT Solusi Tunas Pratama Tbk1.pdf,42.2
2211,FDS0M281,PT PP (Persero) Tbk,1,1953.0,IDN,FDS0M2818,,IDN,07BQNN-E,41.1,@NA,@NA,@NA,B6277R,PT PP (Persero) Tbk,1.0,@NA,0,SHARE,@NA,F,PT PP (Persero) Tbk2.pdf,41.1
2212,ID1000109002,PT Bekasi Asri Pemula Tbk,1,1993.0,IDN,Y711AE103,20080114.0,IDN,0748GN-E,41.2,INDONESIA,BAPA-ID,ID1000109002,B2NDX0,PT Bekasi Asri Pemula Tbk,1.0,BAPA-ID,1,SHARE,B2NDX00,F,PT Bekasi Asri Pemula Tbk1.pdf,41.2
2213,KYG9844G1082,Yield Go Holdings Ltd.,1,,HKG,G9844G108,20181231.0,HKG,0JMMQ5-E,41.2,HONG KONG,1796-HK,KYG9844G1082,BH3CLG,Yield Go Holdings Ltd.,1.0,1796-HK,1,SHARE,BH3CLG4,F,Yield Go Holdings Ltd.1.pdf,41.2
2214,INE00SW01015,BCPL Railway Infrastructure Ltd.,1,1995.0,IND,Y07796108,20181029.0,IND,0JW8PB-E,42.99,BSE INDIA,@NA,INE00SW01015,BGGK5G,BCPL Railway Infrastructure Ltd.,1.0,542057-IN,1,SHARE,BGGK5G6,F,BCPL Railway Infrastructure Ltd.1.pdf,42.9
2215,IE00BD6JX574,Glenveagh Properties Plc,1,2003.0,IRL,G39155109,20171010.0,IRL,0HFV9H-E,41.2,LONDON,@NA,IE00BD6JX574,BD6JX5,Glenveagh Properties Plc,1.0,GLV-GB,0,SHARE,BF0GTX8,F,Glenveagh Properties Plc1.pdf,41.2
2216,VN000000RCC0,Railway Construction Corporation Joint Stock Co,0,1973.0,VNM,Y71695103,,VNM,@NA,42.13,HANOI,@NA,VN000000RCC0,BDDWF1,Railway Construction Corporation Joint Stock Co,1.0,RCC-VN,0,SHARE,BDDWF19,F,Railway Construction Corporation Joint Stock Co1.pdf,42.1
2219,TW0005521009,Kung Sing Engineering Corporation,1,1941.0,TWN,Y5052X106,19991124.0,TWN,062B54-E,42.11,TAIWAN,5521-TW,TW0005521009,619823,Kung Sing Engineering Corporation,1.0,5521-TW,1,SHARE,6198233,F,Kung Sing Engineering Corporation1.pdf,42.1
2220,JP3802210009,First-corporation Inc.,1,2011.0,JPN,J13484100,20150324.0,JPN,0FC120-E,41.2,TOKYO,1430-JP,JP3802210009,BW9C4V,First-corporation Inc.,1.0,1430-JP,1,SHARE,BW9C4V9,F,First-corporation Inc.1.pdf,41.2
2221,INE700V01013,Shashijit Infraprojects Ltd.,0,1991.0,IND,Y770GN103,20161017.0,IND,@NA,41.2,BSE INDIA,@NA,INE700V01013,BDQZG4,Shashijit Infraprojects Ltd.,1.0,540147-IN,0,SHARE,BDQZG45,F,Shashijit Infraprojects Ltd.1.pdf,41.2
2222,VN000000CTX2,Vietnam Investment Construction & Trading JSC,1,1982.0,VNM,FDSEE2478,20120524.0,VNM,@NA,42.99,HANOI,@NA,VN000000CTX2,B79P6G,Vietnam Investment Construction & Trading JSC,1.0,CTX-VN,1,SHARE,B79P6G2,F,Vietnam Investment Construction & Trading JSC1.pdf,42.9
2223,ZAE000209532,Balwin Properties Ltd.,1,1996.0,ZAF,S0R95L100,20151015.0,ZAF,0FTQZN-E,41.1,JSE,@NA,ZAE000209532,BYYN3C,Balwin Properties Ltd.,1.0,BWN-ZA,1,SHARE,BYYN3C5,F,Balwin Properties Ltd.1.pdf,41.1
2224,TH0530010Z06,CH. Karnchang Public Co. Ltd.,1,1972.0,THA,Y15663134,19950807.0,THA,05J9F0-E,41.2,THAILAND,CK-TH,TH0530010Z06,671365,CH. Karnchang Public Co. Ltd.,1.0,CK-TH,1,SHARE,6713658,F,CH. Karnchang Public Co. Ltd.1.pdf,41.2
2226,MYQ0237OO006,Haily Group Bhd.,1,2020.0,MYS,Y2973V103,20210721.0,MYS,@NA,41.2,MALAYSIA,0237-MY,MYQ0237OO006,BND89T,Haily Group Bhd.,1.0,0237-MY,1,SHARE,BND89T3,F,Haily Group Bhd.1.pdf,41.2
2229,VN000000DC23,Development Investment Construction No. 2 JSC,1,2004.0,VNM,Y2055Z105,20100702.0,VNM,@NA,42.99,HANOI,@NA,VN000000DC23,B3Y2BS,Development Investment Construction No. 2 JSC,1.0,DC2-VN,1,SHARE,B3Y2BS7,F,Development Investment Construction No. 2 JSC1.pdf,42.9
2230,US23331A1097,"D.R. Horton, Inc.",1,1978.0,USA,23331A109,20180129.0,USA,000LS9-E,41.2,LONDON,@NA,US23331A1097,23331A10,"D.R. Horton, Inc.",1.0,0I6K-GB,0,SHARE,BYZHJQ2,F,"D.R. Horton, Inc.1.pdf",41.2
2231,ID1000129307,PT Jaya Konstruksi Manggala Pratama Tbk,1,1982.0,IDN,Y7124Z127,20071204.0,IDN,070RN7-E,42.11,INDONESIA,JKON-ID,ID1000129307,BDFLYY,PT Jaya Konstruksi Manggala Pratama Tbk,1.0,JKON-ID,1,SHARE,BDFLYY0,F,PT Jaya Konstruksi Manggala Pratama Tbk1.pdf,42.1
2233,KYG7569L1041,Rimbaco Group Global Limited,1,1985.0,HKG,G7569L104,20220616.0,MYS,0LFPTR-E,41.1,US OTC,@NA,KYG7569L1041,BMD3GC,Rimbaco Group Global Limited,1.0,RBGGF-US,0,SHARE,BN2C1Q7,F,Rimbaco Group Global Limited2.pdf,41.1
2234,KYG406451065,Grand Ming Group Holdings Ltd.,1,1995.0,HKG,G40645106,20130809.0,HKG,0D8DMB-E,41.1,HONG KONG,1271-HK,KYG406451065,BCT4ZH,Grand Ming Group Holdings Ltd.,1.0,1271-HK,1,SHARE,BCT4ZH8,F,Grand Ming Group Holdings Ltd.2.pdf,41.1
2236,US29278K1097,New Technology Acquisition Holdings,1,1986.0,USA,29278K109,19901218.0,USA,002N6V-E,42.22,US OTC,@NA,US29278K1097,29278K10,New Technology Acquisition Holdings,1.0,NTAC-US,1,SHARE,BF2BG29,F,New Technology Acquisition Holdings1.pdf,42.2
2239,TW0002597002,Ruentex Engineering & Construction Co. Ltd.,1,1975.0,TWN,Y7354Q110,20071218.0,TWN,071JGC-E,41.1,TAIWAN,2597-TW,TW0002597002,B29WJR,Ruentex Engineering & Construction Co. Ltd.,1.0,2597-TW,1,SHARE,B29WJR0,F,Ruentex Engineering & Construction Co. Ltd.3.pdf,41.1
2240,SG2D87975520,TA Corporation Ltd.,1,1972.0,SGP,Y8344N100,20111121.0,SGP,0C5GYC-E,41.1,SINGAPORE,PA3-SG,SG2D87975520,B63PXV,TA Corporation Ltd.,1.0,PA3-SG,1,SHARE,B63PXV5,F,TA Corporation Ltd.1.pdf,41.1
2241,SG1B06007705,Koh Brothers Group Limited,1,1966.0,SGP,Y4818D108,19941212.0,SGP,05JCCG-E,42.13,SINGAPORE,K75-SG,SG1B06007705,649487,Koh Brothers Group Limited,1.0,K75-SG,1,SHARE,6494878,F,Koh Brothers Group Limited1.pdf,42.1
2242,INE0N0Y01013,Udayshivakumar Infra Ltd.,1,2002.0,IND,Y903BL109,20230403.0,IND,@NA,42.11,BSE INDIA,@NA,INE0N0Y01013,BMV9RG,Udayshivakumar Infra Ltd.,1.0,543861-IN,1,SHARE,BMV9RG4,F,Udayshivakumar Infra Ltd.1.pdf,42.1
2243,MYL8052OO002,Central Global Bhd,1,1972.0,MYS,Y1627K109,19901005.0,MYS,@NA,41.2,MALAYSIA,8052-MY,MYL8052OO002,618391,Central Global Bhd,1.0,8052-MY,1,SHARE,6183916,F,Central Global Bhd3.pdf,41.2
2244,IL0011415309,Brenmiller Energy Ltd,1,2012.0,ISR,M2R43K115,20170810.0,ISR,@NA,42.99,TEL AVIV,@NA,IL0011415309,BF4RV7,Brenmiller Energy Ltd,1.0,BNRG-IL,1,SHARE,BF4RV75,F,Brenmiller Energy Ltd1.pdf,42.9
2245,GB00B76BK617,J Smart & Co (Contractors) PLC,1,1947.0,GBR,G82111116,19850102.0,GBR,05J61N-E,41.2,LONDON,SMJ-GB,GB00B76BK617,B76BK6,J Smart & Co (Contractors) PLC,1.0,SMJ-GB,1,SHARE,B76BK61,F,J Smart & Co (Contractors) PLC1.pdf,41.2
2246,MYQ0273OO001,Vestland Bhd,1,2011.0,MYS,Y936L6101,20230131.0,MYS,@NA,41.1,MALAYSIA,0273-MY,MYQ0273OO001,BMF85K,Vestland Bhd,1.0,0273-MY,1,SHARE,BMF85K7,F,Vestland Bhd1.pdf,41.1
2247,INE891N01017,Anubhav Infrastructure Ltd,0,2006.0,IND,Y0161W107,20141212.0,IND,@NA,42.99,BSE INDIA,@NA,INE891N01017,BSVL6S,Anubhav Infrastructure Ltd.,1.0,538833-IN,0,SHARE,BSVL6S7,F,Anubhav Infrastructure Ltd.1.pdf,42.9
2248,NO0010612450,Selvaag Bolig ASA,1,2008.0,NOR,R7800E107,20121130.0,NOR,0922DC-E,41.2,LONDON,@NA,NO0010612450,B4V6DD,Selvaag Bolig ASA,1.0,0Q92-GB,0,SHARE,B88D9W1,F,Selvaag Bolig ASA1.pdf,41.2
2249,TW0002545001,Huang Hsiang Construction Corporation,1,1991.0,TWN,Y3744Z100,19991007.0,TWN,062967-E,41.2,TAIWAN,2545-TW,TW0002545001,615603,Huang Hsiang Construction Corporation,1.0,2545-TW,1,SHARE,6156037,F,Huang Hsiang Construction Corporation3.pdf,41.2
2251,GB00BG11K365,Redrow plc,1,1993.0,GBR,G7455X147,19940603.0,GBR,05HYZV-E,41.2,LONDON,RDW-GB,GB00BG11K365,BG11K3,Redrow plc,1.0,RDW-GB,1,SHARE,BG11K36,F,Redrow plc1.pdf,41.2
2552,INE793A01012,Accelya Solutions India Ltd.,1,1976.0,IND,Y4522P108,19991230.0,IND,05LFK8-E,58.29,BSE INDIA,532268-IN,INE793A01012,629299,Accelya Solutions India Ltd.,1.0,532268-IN,1,SHARE,6292997,J,Accelya Solutions India Ltd.1.pdf,58.2
2554,AU000000RKN9,Reckon Limited,1,1987.0,AUS,Q80501101,20220622.0,AUS,05JM7K-E,58.29,US OTC,@NA,AU000000RKN9,616502,Reckon Limited,1.0,RKNLF-US,0,SHARE,B05KRW5,J,Reckon Limited1.pdf,58.2
2557,NL0013332471,TomTom NV,1,2005.0,NLD,N87695123,20090923.0,NLD,0079K9-E,58.29,LONDON,@NA,NL0013332471,BFY1TC,TomTom NV,1.0,0MKS-GB,0,SHARE,BKF19S8,J,TomTom NV1.pdf,58.2
2558,KYG0512W1033,Archosaur Games Inc.,1,1997.0,HKG,G0512W103,20220321.0,CHN,0M6FR1-E,58.29,HONG KONG CONNECT - SHENZHEN,@NA,KYG0512W1033,BMQ69B,Archosaur Games Inc.,1.0,@NA,0,SHARE,BMGPZB8,J,Archosaur Games Inc.1.pdf,58.2
2559,ES0178430E18,Telefonica SA,1,1924.0,ESP,879382109,19850627.0,ESP,05DZGP-E,61.2,LONDON,@NA,ES0178430E18,573252,Telefonica SA,1.0,0TDE-GB,0,SHARE,0798394,J,Telefonica SA2.pdf,61.2
2564,US74275K1088,Procore Technologies Inc,1,2002.0,USA,74275K108,20210520.0,USA,074LCP-E,58.29,NYSE,PCOR-US,US74275K1088,74275K10,Procore Technologies Inc,1.0,PCOR-US,1,SHARE,BLH11J8,J,Procore Technologies Inc2.pdf,58.2
2566,KYG6464H1011,Newborn Town Inc.,1,2009.0,HKG,G6464H101,20210930.0,CHN,0L6JFP-E,58.29,US OTC,@NA,KYG6464H1011,BKX8X2,Newborn Town Inc.,1.0,NWBTF-US,0,SHARE,BKSBH58,J,Newborn Town Inc.2.pdf,58.2
2568,KYG2347J1094,CMGE Technology Group Limited,1,2018.0,HKG,G2347J109,20191031.0,CHN,0JY9DP-E,58.29,HONG KONG,302-HK,KYG2347J1094,BK2299,CMGE Technology Group Limited,1.0,302-HK,1,SHARE,BK22995,J,CMGE Technology Group Limited1.pdf,58.2
2571,KR7226340008,"Bonne Co., Ltd.",1,2015.0,KOR,Y32318100,20151105.0,KOR,0K858J-E,58.29,KOREA,226340-KR,KR7226340008,BYZKGM,"Bonne Co., Ltd.",1.0,226340-KR,1,SHARE,BYZKGM6,J,"Bonne Co., Ltd.1.pdf",58.2
2573,BW0000001569,Botswana Telecommunications Corporation Limited,1,1980.0,BWA,V12358103,20160413.0,BWA,08BJ54-E,61.1,BOTSWANA,BTCL-BW,BW0000001569,BYXJWG,Botswana Telecommunications Corporation Limited,1.0,BTCL-BW,1,SHARE,BYXJWG1,J,Botswana Telecommunications Corporation Limited1.pdf,61.1
2574,KR7223220005,"Logis Mon, Inc.",1,2013.0,KOR,Y2R67M101,20150709.0,KOR,@NA,58.29,KONEX,@NA,KR7223220005,BZ21P4,"Logis Mon, Inc.",1.0,223220-KR,1,SHARE,BZ21P44,J,"Logis Mon, Inc.1.pdf",58.2
2576,GB00B06GNN57,Blancco Technology Group plc,1,2004.0,GBR,G11649202,20050331.0,USA,0074TY-E,58.29,LONDON,BLTG-GB,GB00B06GNN57,B06GNN,Blancco Technology Group plc,1.0,BLTG-GB,1,SHARE,B06GNN5,J,Blancco Technology Group plc1.pdf,58.2
2578,KR7207760000,Mr. Blue Corp.,1,2002.0,KOR,Y209FT100,20141212.0,KOR,@NA,58.29,KOREA,207760-KR,KR7207760000,BTFQXW,Mr. Blue Corp.,1.0,207760-KR,1,SHARE,BTFQXW8,J,Mr. Blue Corp.2.pdf,58.2
2580,BE0003735496,Orange Belgium SA,1,1995.0,BEL,B6404X104,19981006.0,BEL,003JZX-E,61.2,EURONEXT BRUSSELS,OBEL-BE,BE0003735496,554197,Orange Belgium SA,1.0,OBEL-BE,1,SHARE,5541979,J,Orange Belgium SA1.pdf,61.2
2581,BMG9349W1038,VEON Ltd.,1,1992.0,NLD,G9349W103,20170404.0,NLD,09GVG3-E,61.2,EURONEXT AMSTERDAM,VEON-NL,BMG9349W1038,BF2S1D,VEON Ltd.,1.0,VEON-NL,1,SHARE,BF2S1D6,J,VEON Ltd.1.pdf,61.2
2582,US68389X1054,Oracle Corporation,1,1977.0,USA,68389X105,20060308.0,USA,000SY8-E,58.29,LONDON,@NA,US68389X1054,68389X10,Oracle Corporation,1.0,0R1Z-GB,0,SHARE,B10S3T0,J,Oracle Corporation3.pdf,58.2
2584,TW0003682001,"Asia Pacific Telecom Co., Ltd.",1,2000.0,TWN,Y0R895106,20111201.0,TWN,08CRJQ-E,61.2,TAIWAN,3682-TW,TW0003682001,B6RN4B,"Asia Pacific Telecom Co., Ltd.",1.0,3682-TW,1,SHARE,B6RN4B2,J,"Asia Pacific Telecom Co., Ltd.2.pdf",61.2
2588,FDSZ073V,"Yonyou Auto Information Technology (Shanghai) Co., Ltd.",1,2003.0,CHN,FDSZ073V3,,CHN,@NA,58.29,@NA,@NA,@NA,BRJQJ9,"Yonyou Auto Information Technology (Shanghai) Co., Ltd.",1.0,@NA,0,SHARE,@NA,J,"Yonyou Auto Information Technology (Shanghai) Co., Ltd.2.pdf",58.2
2590,FR0000133308,Orange SA,1,1991.0,FRA,F6866T100,20030814.0,FRA,0011MS-E,61.2,US OTC,FNCTF-US,FR0000133308,517617,Orange SA,1.0,FNCTF-US,0,SHARE,B030BQ9,J,Orange SA2.pdf,61.2
2593,US0918442098,BLGI Inc,0,2013.0,USA,091844209,20140407.0,USA,00FJ6X-E,58.29,US OTC,@NA,US0918442098,09184420,BLGI Inc,1.0,BLGI-US,1,SHARE,BMVCBL6,J,BLGI Inc2.pdf,58.2
2594,US92343V1044,Verizon Communications Inc.,1,1983.0,USA,92343V104,19850102.0,USA,000CQ8-E,61.2,LONDON,@NA,US92343V1044,92343V10,Verizon Communications Inc.,1.0,0Q1S-GB,0,SHARE,0089560,J,Verizon Communications Inc.2.pdf,61.2
2595,US40171V1008,"Guidewire Software, Inc.",1,2001.0,USA,40171V100,20120125.0,USA,0634Y0-E,58.29,NYSE,GWRE-US,US40171V1008,40171V10,"Guidewire Software, Inc.",1.0,GWRE-US,1,SHARE,B7JYSG3,J,"Guidewire Software, Inc.1.pdf",58.2
2596,EE3100084203,Modera AS,0,2007.0,EST,X4R0TW113,20211015.0,EST,@NA,58.29,OMX BALTIC TALLINN,@NA,EE3100084203,BMHRTW,Modera AS,1.0,MODE-EE,0,SHARE,BMHRTW2,J,Modera AS1.pdf,58.2
2597,US5502411037,"Lumen Technologies, Inc.",1,1930.0,USA,550241103,19841105.0,USA,09SD1S-E,61.1,NYSE,LUMN-US,US5502411037,55024110,"Lumen Technologies, Inc.",1.0,LUMN-US,1,SHARE,BMDH249,J,"Lumen Technologies, Inc.1.pdf",61.1
2600,KYG2121R1039,China Literature Ltd.,1,2004.0,HKG,G2121R103,20171108.0,CHN,0H5FYM-E,58.11,HONG KONG,772-HK,KYG2121R1039,BYP71J,China Literature Ltd.,1.0,772-HK,1,SHARE,BYP71J9,J,China Literature Ltd.1.pdf,58.1
2601,GB0006776081,Pearson PLC,1,1844.0,GBR,G69651100,20201125.0,GBR,002ZV7-E,58.11,MEXICO,@NA,GB0006776081,067760,Pearson PLC,1.0,PSONN-MX,0,SHARE,BK81SZ5,J,Pearson PLC1.pdf,58.1
2602,CA09228F1036,BlackBerry Limited,1,1984.0,CAN,09228F103,19990204.0,CAN,002TMH-E,58.29,NYSE,BB-US,CA09228F1036,BCBHZ3,BlackBerry Limited,1.0,BB-US,0,SHARE,BCBHZ42,J,BlackBerry Limited2.pdf,58.2
2603,PLOPTTC00011,CD Projekt S.A.,1,1994.0,POL,X0957E106,20020201.0,POL,@NA,58.29,WARSAW,CDR-PL,PLOPTTC00011,730221,CD Projekt SA,1.0,CDR-PL,1,SHARE,7302215,J,CD Projekt S.A.2.pdf,58.2
2605,FDS1GBVC,"Bumble, Inc.",1,2014.0,USA,FDS1GBVC3,,USA,0N9C82-E,58.29,@NA,@NA,@NA,12047B10,"Bumble, Inc.",1.0,@NA,0,SHARE,@NA,J,"Bumble, Inc.1.pdf",58.2
2606,GB00BK6SHS41,SEEEN Plc,1,2017.0,GBR,G11764100,20170927.0,GBR,@NA,58.29,LONDON,SEEN-GB,GB00BK6SHS41,BK6SHS,SEEEN Plc,1.0,SEEN-GB,1,SHARE,BK6SHS4,J,SEEEN Plc2.pdf,58.2
2608,PLRDDVS00016,Red Dev Studio S.A.,0,2016.0,POL,X7290R108,20190926.0,POL,@NA,58.29,WARSAW,@NA,PLRDDVS00016,BK1WVW,Red Dev Studio S.A.,1.0,RDS-PL,0,SHARE,BK1WVW3,J,Red Dev Studio S.A.1.pdf,58.2
2609,US5949181045,Microsoft Corporation,1,1975.0,USA,594918104,19860313.0,USA,000Q07-E,58.29,NASDAQ,MSFT-US,US5949181045,59491810,Microsoft Corporation,1.0,MSFT-US,1,SHARE,2588173,J,Microsoft Corporation1.pdf,58.2
2610,US10807Q7007,"Bridgeline Digital, Inc.",1,2000.0,USA,10807Q700,20070629.0,USA,003L94-E,58.29,NASDAQ,BLIN-US,US10807Q7007,10807Q70,"Bridgeline Digital, Inc.",1.0,BLIN-US,1,SHARE,BJQKP89,J,"Bridgeline Digital, Inc.3.pdf",58.2
2611,SE0011870195,Lime Technologies AB,1,2013.0,SWE,W5321Z116,20181206.0,SWE,0JDWXV-E,58.29,OMX NORDIC STOCKHOLM,LIME-SE,SE0011870195,BH31X6,Lime Technologies AB,1.0,LIME-SE,1,SHARE,BH31X65,J,Lime Technologies AB1.pdf,58.2
2612,SG1T75931496,Singapore Telecommunications Limited,1,1992.0,SGP,Y79985209,19931101.0,SGP,0010HR-E,61.2,SINGAPORE,Z74-SG,SG1T75931496,B02PY1,Singapore Telecommunications Limited,1.0,Z74-SG,1,SHARE,B02PY11,J,Singapore Telecommunications Limited1.pdf,61.2
2613,NZTELE0001S4,Spark New Zealand Limited,1,1987.0,NZL,Q8619N107,19910913.0,NZL,001ZZD-E,61.1,ASX,SPK-AU,NZTELE0001S4,688143,Spark New Zealand Limited,1.0,SPK-AU,0,SHARE,6881500,J,Spark New Zealand Limited1.pdf,61.1
2614,MYL6947OO005,CelcomDigi Berhad,1,1995.0,MYS,Y2070F100,20090310.0,MYS,05HXMR-E,61.2,US OTC,@NA,MYL6947OO005,608624,CelcomDigi Berhad,1.0,DIGBF-US,0,SHARE,B02PGM6,J,CelcomDigi Berhad1.pdf,61.2
2615,FI4000519228,WithSecure Corporation,1,1988.0,FIN,X3034C218,19991105.0,FIN,003JSV-E,58.29,OMX NORDIC HELSINKI,WITH-FI,FI4000519228,BMZ424,WithSecure Corporation,1.0,WITH-FI,1,SHARE,BMZ4248,J,WithSecure Corporation1.pdf,58.2
2616,SGXE24704236,iWOW Technology Limited,1,1999.0,SGP,Y4215K101,20220414.0,SGP,@NA,58.29,SINGAPORE,@NA,SGXE24704236,BP2ST2,iWOW Technology Limited,1.0,NXR-SG,1,SHARE,BP2ST21,J,iWOW Technology Limited1.pdf,58.2
2619,SE0009697220,Enea AB,0,1981.0,SWE,W2529P149,,SWE,05JBDZ-E,58.29,BERNE,@NA,SE0009697220,BYPBRY,Enea AB,1.0,EED5-CH,0,SHARE,BKS2L26,J,Enea AB1.pdf,58.2
2620,KR7036630002,Sejong Telecom Inc.,1,1992.0,KOR,Y6438J100,20001020.0,KOR,0706N0-E,61.1,KOREA,036630-KR,KR7036630002,640998,Sejong Telecom Inc.,1.0,036630-KR,1,SHARE,6409980,J,Sejong Telecom Inc.1.pdf,61.1
2622,USU7744C1063,"BOKU, Inc.",1,2009.0,GBR,U7744C106,20171120.0,USA,@NA,58.29,LONDON,BOKU-GB,USU7744C1063,BF0GJW,"BOKU, Inc.",1.0,BOKU-GB,1,SHARE,BF0GJW7,J,"BOKU, Inc.1.pdf",58.2
2626,US26884K3095,"ERF Wireless, Inc.",1,1986.0,USA,26884K309,19980909.0,USA,002N0S-E,61.2,US OTC,@NA,US26884K3095,26884K30,"ERF Wireless, Inc.",1.0,ERFB-US,1,SHARE,BHBFXF8,J,"ERF Wireless, Inc.3.pdf",61.2
2627,PK0084201018,Netsol Technologies Limited,1,1995.0,PAK,Y6257M101,20060620.0,PAK,06JQ8Q-E,58.29,PAKISTAN STOCK EXCHANGE,NETSOL-PK,PK0084201018,B0JCGX,Netsol Technologies Limited,1.0,NETSOL-PK,1,SHARE,B0JCGX1,J,Netsol Technologies Limited2.pdf,58.2
2628,US63947X1019,nCino Inc,1,2011.0,USA,63947X101,20200714.0,USA,0Q5FDX-E,58.29,NASDAQ,NCNO-US,US63947X1019,63947X10,nCino Inc,1.0,NCNO-US,1,SHARE,BMC8TD1,J,nCino Inc1.pdf,58.2
2631,SG1DH9000006,NetLink NBN Trust,1,2017.0,SGP,Y6S61H108,20170719.0,SGP,0H6D3W-E,61.1,SINGAPORE,CJLU-SG,SG1DH9000006,BF5GLW,NetLink NBN Trust,1.0,CJLU-SG,1,SHARE,BF5GLW6,J,NetLink NBN Trust1.pdf,61.1
2636,IL0011015349,Cellcom Israel Ltd.,1,1994.0,ISR,M2196U109,20070809.0,ISR,063HCZ-E,61.2,TEL AVIV,CEL-IL,IL0011015349,B23WQK,Cellcom Israel Ltd.,1.0,CEL-IL,1,SHARE,B23WQK8,J,Cellcom Israel Ltd.1.pdf,61.2
2637,KYG9390R1103,Vobile Group Ltd.,1,2005.0,HKG,G9390R110,20191209.0,HKG,0H4WFV-E,58.29,US OTC,@NA,KYG9390R1103,BNT8LN,Vobile Group Ltd.,1.0,VOBIF-US,0,SHARE,BNT8PS8,J,Vobile Group Ltd.1.pdf,58.2
2638,GB0033147751,Bloomsbury Publishing Plc,1,1986.0,GBR,G1179Q132,19940623.0,GBR,05J1S4-E,58.11,LONDON,BMY-GB,GB0033147751,331477,Bloomsbury Publishing Plc,1.0,BMY-GB,1,SHARE,3314775,J,Bloomsbury Publishing Plc1.pdf,58.1
2643,DE0005557508,Deutsche Telekom AG,1,1995.0,DEU,D2035M136,20060724.0,DEU,0011H9-E,61.1,MILAN,@NA,DE0005557508,584235,Deutsche Telekom AG,1.0,1DTE-IT,0,SHARE,B19GHY8,J,Deutsche Telekom AG2.pdf,61.1
2644,DE000A288904,CompuGroup Medical SE & Co. KGaA,1,1987.0,DEU,D193ZN100,20090618.0,DEU,05J9VL-E,58.29,US OTC,@NA,DE000A288904,BMY7CH,CompuGroup Medical SE & Co. KGaA,1.0,CMPVF-US,0,SHARE,BLB0D51,J,CompuGroup Medical SE & Co. KGaA1.pdf,58.2
2645,JP3835400007,Vector Inc.,1,1989.0,JPN,J9451E104,20000814.0,JPN,@NA,58.29,TOKYO,2656-JP,JP3835400007,628004,Vector Inc.,1.0,2656-JP,1,SHARE,6280044,J,Vector Inc.1.pdf,58.2
2647,JP3748520008,Nihon Falcom Corporation,1,1981.0,JPN,J5014F109,20031202.0,JPN,@NA,58.29,TOKYO,@NA,JP3748520008,670991,Nihon Falcom Corporation,1.0,3723-JP,1,SHARE,6709914,J,Nihon Falcom Corporation1.pdf,58.2
2650,GB00B28HSF71,Tracsis plc,1,2004.0,GBR,G90029102,,GBR,@NA,58.29,US OTC,@NA,GB00B28HSF71,B28HSF,Tracsis plc,1.0,TCIIF-US,0,SHARE,B97DG06,J,Tracsis plc1.pdf,58.2
2651,AU000000LVT6,LiveTiles Limited,1,1994.0,AUS,Q55815106,19990817.0,AUS,@NA,58.29,ASX,LVT-AU,AU000000LVT6,BZ17WJ,LiveTiles Limited,1.0,LVT-AU,1,SHARE,BZ17WJ7,J,LiveTiles Limited1.pdf,58.2
2952,KYG8683B1059,Tat Hong Equipment Service Co. Ltd.,1,2006.0,HKG,G8683B105,20210113.0,CHN,0GWGTJ-E,77.32,HONG KONG,@NA,KYG8683B1059,BMGT3V,Tat Hong Equipment Service Co. Ltd.,1.0,2153-HK,1,SHARE,BMGT3V6,N,Tat Hong Equipment Service Co. Ltd.1.pdf,77.3
2953,DE0007231326,Sixt SE,1,1912.0,DEU,D69899116,20141104.0,DEU,05HS3S-E,77.11,SIX SWISS,@NA,DE0007231326,526076,Sixt SE,1.0,SIX2-CH,0,SHARE,BJ053D1,N,Sixt SE1.pdf,77.1
2959,JP3781360007,"Pacific Net Co., Ltd.",1,1988.0,JPN,J63429104,20060220.0,JPN,06D9JQ-E,77.33,TOKYO,3021-JP,JP3781360007,B0X6WC,"Pacific Net Co., Ltd.",1.0,3021-JP,1,SHARE,B0X6WC0,N,"Pacific Net Co., Ltd.2.pdf",77.3
2965,NGCILEASING2,C&I Leasing PLC,1,1990.0,NGA,V8829Y103,20000502.0,NGA,06P3PV-E,77.12,NIGERIA,@NA,NGCILEASING2,622535,C&I Leasing PLC,1.0,CILEASING-NG,1,SHARE,6225357,N,C&I Leasing PLC1.pdf,77.1
2968,KYG459051093,Hing Ming Holdings Ltd,1,2016.0,HKG,G45905109,20170315.0,HKG,0GC6QB-E,77.39,HONG KONG,@NA,KYG459051093,BF0B38,Hing Ming Holdings Ltd,1.0,8425-HK,1,SHARE,BF0B386,N,Hing Ming Holdings Ltd1.pdf,77.3
2970,ID1000125800,PT Adi Sarana Armada Tbk,1,1999.0,IDN,Y7139B107,20121112.0,IDN,0CV1N4-E,77.11,INDONESIA,ASSA-ID,ID1000125800,B88SVC,PT Adi Sarana Armada Tbk,1.0,ASSA-ID,1,SHARE,B88SVC0,N,PT Adi Sarana Armada Tbk1.pdf,77.1
2971,GB00BLH42507,Ashtead Technology Holdings PLC,1,2021.0,GBR,G0609Y103,20211123.0,GBR,0PPNKD-E,77.39,LONDON,AT-GB,GB00BLH42507,BLH425,Ashtead Technology Holdings PLC,1.0,AT-GB,1,SHARE,BLH4250,N,Ashtead Technology Holdings PLC3.pdf,77.3
2985,GB0000536739,Ashtead Group plc,1,1984.0,GBR,G05320109,19861208.0,GBR,05J10R-E,77.32,LONDON,AHT-GB,GB0000536739,005367,Ashtead Group plc,1.0,AHT-GB,1,SHARE,0053673,N,Ashtead Group plc1.pdf,77.3
2990,SG9999015267,BOC Aviation Limited,1,1993.0,HKG,Y09292106,20161205.0,SGP,0726SY-E,77.39,HONG KONG CONNECT - SHENZHEN,2588-SZSC,SG9999015267,BYZJV1,BOC Aviation Limited,1.0,@NA,0,SHARE,BD8NLR5,N,BOC Aviation Limited1.pdf,77.3
3006,AU0000272924,FleetPartners Group Limited,1,1987.0,AUS,Q3383Q139,20150422.0,AUS,0FFLG7-E,77.11,ASX,FPR-AU,AU0000272924,BN7HDZ,FleetPartners Group Limited,1.0,FPR-AU,1,SHARE,BN7HDZ0,N,FleetPartners Group Limited1.pdf,77.1
3008,US9133561012,"UniverCell Holdings, Inc.",0,1989.0,USA,913356101,19930309.0,USA,@NA,77.39,US OTC,@NA,US9133561012,91335610,"UniverCell Holdings, Inc.",1.0,UVCL-US,1,SHARE,2449667,N,"UniverCell Holdings, Inc.2.pdf",77.3
3014,DE000A3H3LL2,Vantage Towers AG,1,2019.0,DEU,D8T6E6106,20210324.0,DEU,0N3CH0-E,77.39,US OTC,@NA,DE000A3H3LL2,BLH32J,Vantage Towers AG,1.0,VTWRF-US,0,SHARE,BKY5GY6,N,Vantage Towers AG1.pdf,77.3
3018,CA83439G2009,Solution Financial Inc.,1,2004.0,CAN,83439G200,20210826.0,CAN,0JPHZX-E,77.11,US OTC,@NA,CA83439G2009,BFWTCT,Solution Financial Inc.,1.0,SLNFF-US,0,SHARE,BM9C1Z2,N,Solution Financial Inc.3.pdf,77.1
3025,AU000000SGF1,SG Fleet Group Ltd.,1,1986.0,AUS,Q8T58M106,20140304.0,AUS,0DLBTB-E,77.11,ASX,SGF-AU,AU000000SGF1,BKF0XR,SG Fleet Group Ltd.,1.0,SGF-AU,1,SHARE,BKF0XR2,N,SG Fleet Group Ltd.1.pdf,77.1
3029,US42806J7000,Hertz Global Holdings Inc,1,1918.0,USA,42806J700,20210701.0,USA,0FZ6XP-E,77.11,NASDAQ,HTZ-US,US42806J7000,42806J70,Hertz Global Holdings Inc,1.0,HTZ-US,1,SHARE,BNM5672,N,Hertz Global Holdings Inc1.pdf,77.1
3032,KYG2121A1004,Chanhigh Holdings Ltd.,1,2001.0,HKG,G2121A100,20170331.0,CHN,0GCVNJ-E,81.3,HONG KONG,2017-HK,KYG2121A1004,BD0NZ1,Chanhigh Holdings Ltd.,1.0,2017-HK,1,SHARE,BD0NZ15,N,Chanhigh Holdings Ltd.3.pdf,81.3
3045,AU000000EHL7,Emeco Holdings Limited,0,1972.0,AUS,Q34648156,,AUS,0077M1-E,77.32,BERNE,@NA,AU000000EHL7,B1978V,Emeco Holdings Limited,1.0,@NA,0,SHARE,BLNNZ63,N,Emeco Holdings Limited1.pdf,77.3
3048,INE491V01019,Crown Lifters Ltd.,1,2002.0,IND,Y2589Q100,20160927.0,IND,0GF2W6-E,77.32,NSE INDIA,@NA,INE491V01019,BDBBW2,Crown Lifters Ltd.,1.0,CROWN-IN,1,SHARE,BDBBW28,N,Crown Lifters Ltd.3.pdf,77.3
3050,KYG725391109,Progressive Path Group Holdings Ltd.,1,2016.0,HKG,G72539110,20161208.0,HKG,0GDT26-E,77.32,HONG KONG,@NA,KYG725391109,BNG3PT,Progressive Path Group Holdings Ltd.,1.0,1581-HK,1,SHARE,BNG3PT7,N,Progressive Path Group Holdings Ltd.1.pdf,77.3
6888,NO0010768500,Atlantic Sapphire ASA,1,2010.0,NOR,R07217103,20170712.0,NOR,0H3Y0F-E,3.11,OSLO,ASA-NO,NO0010768500,BDFG5D,Atlantic Sapphire ASA,1.0,ASA-NO,1,SHARE,BDFG5D1,A,Atlantic Sapphire ASA1.pdf,03.1
6889,NO0010768500,Atlantic Sapphire ASA,1,2010.0,NOR,R07217103,20180502.0,NOR,0H3Y0F-E,3.11,US OTC,@NA,NO0010768500,BDFG5D,Atlantic Sapphire ASA,1.0,AASZF-US,0,SHARE,BD97BR6,A,Atlantic Sapphire ASA1.pdf,03.1
12259,ZAE000015277,Brimstone Investment Corporation Limited,1,1995.0,ZAF,S13750112,19980708.0,ZAF,05JPVG-E,3.11,JSE,BRT-ZA,ZAE000015277,611969,Brimstone Investment Corporation Limited,1.0,BRT-ZA,0,SHARE,6119966,A,Brimstone Investment Corporation Limited1.pdf,03.1
18752,CL0001717116,Compania Pesquera Camanchaca S.A.,1,1963.0,CHL,P3090A105,20101201.0,CHL,05ZBJJ-E,3.11,SANTIAGO,CAMANCHACA-CL,CL0001717116,B3NDYP,Compania Pesquera Camanchaca S.A.,1.0,CAMANCHACA-CL,1,SHARE,B3NDYP9,A,Compania Pesquera Camanchaca S.A.2.pdf,03.1
31130,NO0011013765,Gigante Salmon AS,1,2001.0,NOR,R2724U105,20210705.0,NOR,@NA,3.11,OSLO,GIGA-NO,NO0011013765,BMC4Z1,Gigante Salmon AS,1.0,GIGA-NO,1,SHARE,BMC4Z19,A,Gigante Salmon AS1.pdf,03.1
63034,ID1000167901,PT Cilacap Samudera Fishing Industry Tbk,0,1999.0,IDN,Y129H6108,20220527.0,IDN,@NA,3.12,INDONESIA,ASHA-ID,ID1000167901,BMBMZG,PT Cilacap Samudera Fishing Industry Tbk,1.0,ASHA-ID,0,SHARE,BMBMZG9,A,PT Cilacap Samudera Fishing Industry Tbk3.pdf,03.1
68675,FR0010776617,Sapmer SA,1,1989.0,FRA,F7887Q109,20090708.0,FRA,07ZVC8-E,3.11,EURONEXT PARIS,ALMER-FR,FR0010776617,B3LS27,Sapmer SA,1.0,ALMER-FR,1,SHARE,B3LS274,A,Sapmer SA2.pdf,03.1
69396,ZAE000240198,Sea Harvest Group Ltd.,1,1964.0,ZAF,S74706102,20170323.0,ZAF,0G5FF2-E,3.11,JSE,SHG-ZA,ZAE000240198,BDFBTP,Sea Harvest Group Ltd.,1.0,SHG-ZA,1,SHARE,BDFBTP6,A,Sea Harvest Group Ltd.1.pdf,03.1
