,name,NACE,label_description,nace_lvl_1,position_lvl_1,classes_lvl_1,classification_lvl_1,first_class_1
0,Hannover Rueck SE1.txt,65.11,Life insurance,K,0.0,16,"{'K_FINANCIAL AND INSURANCE ACTIVITIES': 4.123034477233887, 'N_ADMINISTRATIVE AND SUPPORT SERVICE ACTIVITIES': 1.3196128606796265, 'G_WHOLESALE AND RETAIL TRADE; REPAIR OF MOTOR VEHICLES AND MOTORCYCLES': 0.581484317779541, 'I_ACCOMMODATION AND FOOD SERVICE ACTIVITIES': -0.5815463066101074, 'M_PROFESSIONAL, SCIENTIFIC AND TECHNICAL ACTIVITIES': -0.776364803314209, 'H_TRANSPORTATION AND STORAGE': -0.837245523929596, 'L_REAL ESTATE ACTIVITIES': -0.839199423789978, 'Q_HUMAN HEALTH AND SOCIAL WORK ACTIVITIES': -1.219276785850525, 'F_CONSTRUCTION': -1.3616739511489868, 'D_ELECTRICITY, GAS, STEAM AND AIR CONDITIONING SUPPLY': -1.524138331413269, 'E_WATER SUPPLY; SEWERAGE, WASTE MANAGEMENT AND REMEDIATION ACTIVITIES': -1.6537367105484009, 'P_EDUCATION': -2.181816339492798, 'B_MINING AND QUARRYING': -2.247896909713745, 'A_AGRICULTURE, FORESTRY AND FISHING': -2.4251790046691895, 'C_MANUFACTURING': -3.249000310897827, 'J_INFORMATION AND COMMUNICATION': -3.4036147594451904}",K
1,Interpump Group S.p.A.1.txt,28.12,Manufacture of fluid power equipment,C,13.0,16,"{'K_FINANCIAL AND INSURANCE ACTIVITIES': 3.2724716663360596, 'G_WHOLESALE AND RETAIL TRADE; REPAIR OF MOTOR VEHICLES AND MOTORCYCLES': 1.3467015027999878, 'N_ADMINISTRATIVE AND SUPPORT SERVICE ACTIVITIES': 1.210927128791809, 'H_TRANSPORTATION AND STORAGE': -0.6702281832695007, 'I_ACCOMMODATION AND FOOD SERVICE ACTIVITIES': -0.8579369783401489, 'L_REAL ESTATE ACTIVITIES': -1.1361232995986938, 'F_CONSTRUCTION': -1.189326524734497, 'E_WATER SUPPLY; SEWERAGE, WASTE MANAGEMENT AND REMEDIATION ACTIVITIES': -1.2193965911865234, 'Q_HUMAN HEALTH AND SOCIAL WORK ACTIVITIES': -1.259580135345459, 'D_ELECTRICITY, GAS, STEAM AND AIR CONDITIONING SUPPLY': -1.3234041929244995, 'M_PROFESSIONAL, SCIENTIFIC AND TECHNICAL ACTIVITIES': -1.4422023296356201, 'B_MINING AND QUARRYING': -2.172865152359009, 'P_EDUCATION': -2.2288191318511963, 'C_MANUFACTURING': -2.3078718185424805, 'A_AGRICULTURE, FORESTRY AND FISHING': -2.35754656791687, 'J_INFORMATION AND COMMUNICATION': -3.8358592987060547}",K
2,Intertek Group PLC1.txt,71.2,Technical testing and analysis,M,8.0,16,"{'K_FINANCIAL AND INSURANCE ACTIVITIES': 3.5174577236175537, 'N_ADMINISTRATIVE AND SUPPORT SERVICE ACTIVITIES': 1.6327710151672363, 'G_WHOLESALE AND RETAIL TRADE; REPAIR OF MOTOR VEHICLES AND MOTORCYCLES': 1.3831098079681396, 'I_ACCOMMODATION AND FOOD SERVICE ACTIVITIES': -0.2849867045879364, 'H_TRANSPORTATION AND STORAGE': -0.5934846997261047, 'L_REAL ESTATE ACTIVITIES': -0.8879578709602356, 'F_CONSTRUCTION': -1.2369660139083862, 'Q_HUMAN HEALTH AND SOCIAL WORK ACTIVITIES': -1.3161325454711914, 'M_PROFESSIONAL, SCIENTIFIC AND TECHNICAL ACTIVITIES': -1.5572673082351685, 'E_WATER SUPPLY; SEWERAGE, WASTE MANAGEMENT AND REMEDIATION ACTIVITIES': -1.5799065828323364, 'D_ELECTRICITY, GAS, STEAM AND AIR CONDITIONING SUPPLY': -1.6209217309951782, 'P_EDUCATION': -2.2124078273773193, 'B_MINING AND QUARRYING': -2.3916444778442383, 'A_AGRICULTURE, FORESTRY AND FISHING': -2.48032283782959, 'C_MANUFACTURING': -2.9862942695617676, 'J_INFORMATION AND COMMUNICATION': -3.795290231704712}",K
3,Anheuser-Busch InBev SANV3.txt,11.05,Manufacture of beer,C,14.0,16,"{'K_FINANCIAL AND INSURANCE ACTIVITIES': 3.3381755352020264, 'G_WHOLESALE AND RETAIL TRADE; REPAIR OF MOTOR VEHICLES AND MOTORCYCLES': 1.9589818716049194, 'N_ADMINISTRATIVE AND SUPPORT SERVICE ACTIVITIES': 1.3543407917022705, 'I_ACCOMMODATION AND FOOD SERVICE ACTIVITIES': -0.384516179561615, 'H_TRANSPORTATION AND STORAGE': -0.5923608541488647, 'Q_HUMAN HEALTH AND SOCIAL WORK ACTIVITIES': -0.9457176327705383, 'L_REAL ESTATE ACTIVITIES': -1.0130587816238403, 'F_CONSTRUCTION': -1.425798773765564, 'D_ELECTRICITY, GAS, STEAM AND AIR CONDITIONING SUPPLY': -1.652274250984192, 'E_WATER SUPPLY; SEWERAGE, WASTE MANAGEMENT AND REMEDIATION ACTIVITIES': -1.7594274282455444, 'M_PROFESSIONAL, SCIENTIFIC AND TECHNICAL ACTIVITIES': -1.786758303642273, 'P_EDUCATION': -2.0637319087982178, 'A_AGRICULTURE, FORESTRY AND FISHING': -2.5532658100128174, 'B_MINING AND QUARRYING': -2.5860824584960938, 'C_MANUFACTURING': -2.8678274154663086, 'J_INFORMATION AND COMMUNICATION': -3.9597105979919434}",K
4,Scout24 SE3.txt,96.09,Other personal service activities n.e.c.,S,,16,"{'G_WHOLESALE AND RETAIL TRADE; REPAIR OF MOTOR VEHICLES AND MOTORCYCLES': 2.356179714202881, 'K_FINANCIAL AND INSURANCE ACTIVITIES': 0.5895544290542603, 'Q_HUMAN HEALTH AND SOCIAL WORK ACTIVITIES': 0.22755777835845947, 'D_ELECTRICITY, GAS, STEAM AND AIR CONDITIONING SUPPLY': 0.06742171198129654, 'N_ADMINISTRATIVE AND SUPPORT SERVICE ACTIVITIES': -0.3980370759963989, 'H_TRANSPORTATION AND STORAGE': -0.4953901469707489, 'F_CONSTRUCTION': -0.555502712726593, 'C_MANUFACTURING': -1.191957950592041, 'P_EDUCATION': -1.2100573778152466, 'I_ACCOMMODATION AND FOOD SERVICE ACTIVITIES': -1.3614137172698975, 'M_PROFESSIONAL, SCIENTIFIC AND TECHNICAL ACTIVITIES': -1.6640291213989258, 'E_WATER SUPPLY; SEWERAGE, WASTE MANAGEMENT AND REMEDIATION ACTIVITIES': -1.7416317462921143, 'L_REAL ESTATE ACTIVITIES': -1.967132329940796, 'B_MINING AND QUARRYING': -2.2330617904663086, 'A_AGRICULTURE, FORESTRY AND FISHING': -2.457453727722168, 'J_INFORMATION AND COMMUNICATION': -3.2541937828063965}",G
5,Bridgepoint Group Plc1.txt,66.3,Fund management activities,K,0.0,16,"{'K_FINANCIAL AND INSURANCE ACTIVITIES': 4.675706386566162, 'N_ADMINISTRATIVE AND SUPPORT SERVICE ACTIVITIES': 1.7797749042510986, 'G_WHOLESALE AND RETAIL TRADE; REPAIR OF MOTOR VEHICLES AND MOTORCYCLES': 0.2924724519252777, 'I_ACCOMMODATION AND FOOD SERVICE ACTIVITIES': -0.3307233154773712, 'L_REAL ESTATE ACTIVITIES': -0.6527760624885559, 'M_PROFESSIONAL, SCIENTIFIC AND TECHNICAL ACTIVITIES': -0.7778116464614868, 'H_TRANSPORTATION AND STORAGE': -0.7811943292617798, 'F_CONSTRUCTION': -1.464989185333252, 'E_WATER SUPPLY; SEWERAGE, WASTE MANAGEMENT AND REMEDIATION ACTIVITIES': -1.5804487466812134, 'Q_HUMAN HEALTH AND SOCIAL WORK ACTIVITIES': -1.5842217206954956, 'D_ELECTRICITY, GAS, STEAM AND AIR CONDITIONING SUPPLY': -1.7283778190612793, 'B_MINING AND QUARRYING': -2.246084213256836, 'A_AGRICULTURE, FORESTRY AND FISHING': -2.4595441818237305, 'P_EDUCATION': -2.518787384033203, 'C_MANUFACTURING': -3.5215301513671875, 'J_INFORMATION AND COMMUNICATION': -3.5762925148010254}",K
6,Financiere de Tubize SA2.txt,64.99,"Other financial service activities, except insurance and pension funding n.e.c.",K,0.0,16,"{'K_FINANCIAL AND INSURANCE ACTIVITIES': 4.493409156799316, 'N_ADMINISTRATIVE AND SUPPORT SERVICE ACTIVITIES': 1.339683175086975, 'G_WHOLESALE AND RETAIL TRADE; REPAIR OF MOTOR VEHICLES AND MOTORCYCLES': 1.1047327518463135, 'Q_HUMAN HEALTH AND SOCIAL WORK ACTIVITIES': -0.46480250358581543, 'H_TRANSPORTATION AND STORAGE': -0.8517027497291565, 'I_ACCOMMODATION AND FOOD SERVICE ACTIVITIES': -0.8560918569564819, 'L_REAL ESTATE ACTIVITIES': -1.0490468740463257, 'M_PROFESSIONAL, SCIENTIFIC AND TECHNICAL ACTIVITIES': -1.2523229122161865, 'F_CONSTRUCTION': -1.400312066078186, 'D_ELECTRICITY, GAS, STEAM AND AIR CONDITIONING SUPPLY': -1.6361600160598755, 'P_EDUCATION': -2.1217002868652344, 'E_WATER SUPPLY; SEWERAGE, WASTE MANAGEMENT AND REMEDIATION ACTIVITIES': -2.1225430965423584, 'B_MINING AND QUARRYING': -2.5972745418548584, 'A_AGRICULTURE, FORESTRY AND FISHING': -2.789735794067383, 'C_MANUFACTURING': -3.75030779838562, 'J_INFORMATION AND COMMUNICATION': -3.9372363090515137}",K
7,Severn Trent Plc1.txt,36.0,"Water collection, treatment and supply",E,1.0,16,"{'K_FINANCIAL AND INSURANCE ACTIVITIES': 2.0246174335479736, 'E_WATER SUPPLY; SEWERAGE, WASTE MANAGEMENT AND REMEDIATION ACTIVITIES': 1.172837495803833, 'N_ADMINISTRATIVE AND SUPPORT SERVICE ACTIVITIES': 0.7373138070106506, 'G_WHOLESALE AND RETAIL TRADE; REPAIR OF MOTOR VEHICLES AND MOTORCYCLES': -0.28905951976776123, 'D_ELECTRICITY, GAS, STEAM AND AIR CONDITIONING SUPPLY': -0.6534983515739441, 'M_PROFESSIONAL, SCIENTIFIC AND TECHNICAL ACTIVITIES': -0.734494686126709, 'F_CONSTRUCTION': -0.9278367161750793, 'H_TRANSPORTATION AND STORAGE': -1.132644534111023, 'I_ACCOMMODATION AND FOOD SERVICE ACTIVITIES': -1.289909839630127, 'L_REAL ESTATE ACTIVITIES': -1.4396462440490723, 'B_MINING AND QUARRYING': -1.9773316383361816, 'A_AGRICULTURE, FORESTRY AND FISHING': -2.0211660861968994, 'C_MANUFACTURING': -2.131837844848633, 'Q_HUMAN HEALTH AND SOCIAL WORK ACTIVITIES': -2.8425331115722656, 'P_EDUCATION': -2.9252965450286865, 'J_INFORMATION AND COMMUNICATION': -2.98075008392334}",K
8,Bakkafrost PF2.txt,03.21,Marine aquaculture,A,0.0,16,"{'A_AGRICULTURE, FORESTRY AND FISHING': 2.2102787494659424, 'K_FINANCIAL AND INSURANCE ACTIVITIES': 0.05289192870259285, 'G_WHOLESALE AND RETAIL TRADE; REPAIR OF MOTOR VEHICLES AND MOTORCYCLES': 0.040662433952093124, 'N_ADMINISTRATIVE AND SUPPORT SERVICE ACTIVITIES': -0.11419923603534698, 'I_ACCOMMODATION AND FOOD SERVICE ACTIVITIES': -0.5338006615638733, 'M_PROFESSIONAL, SCIENTIFIC AND TECHNICAL ACTIVITIES': -0.7027233242988586, 'E_WATER SUPPLY; SEWERAGE, WASTE MANAGEMENT AND REMEDIATION ACTIVITIES': -0.7128804326057434, 'D_ELECTRICITY, GAS, STEAM AND AIR CONDITIONING SUPPLY': -1.059570074081421, 'C_MANUFACTURING': -1.1539829969406128, 'H_TRANSPORTATION AND STORAGE': -1.4013320207595825, 'B_MINING AND QUARRYING': -1.9229298830032349, 'L_REAL ESTATE ACTIVITIES': -2.0286638736724854, 'J_INFORMATION AND COMMUNICATION': -2.3444340229034424, 'P_EDUCATION': -2.579470157623291, 'F_CONSTRUCTION': -2.743401527404785, 'Q_HUMAN HEALTH AND SOCIAL WORK ACTIVITIES': -3.1309003829956055}",A
9,Ferrari NV2.txt,29.2,Manufacture of bodies (coachwork) for motor vehicles; manufacture of trailers and semi-trailers,C,12.0,16,"{'K_FINANCIAL AND INSURANCE ACTIVITIES': 2.300870180130005, 'G_WHOLESALE AND RETAIL TRADE; REPAIR OF MOTOR VEHICLES AND MOTORCYCLES': 1.6438610553741455, 'N_ADMINISTRATIVE AND SUPPORT SERVICE ACTIVITIES': 1.2680386304855347, 'I_ACCOMMODATION AND FOOD SERVICE ACTIVITIES': -0.5152256488800049, 'H_TRANSPORTATION AND STORAGE': -0.8519246578216553, 'Q_HUMAN HEALTH AND SOCIAL WORK ACTIVITIES': -1.092978596687317, 'M_PROFESSIONAL, SCIENTIFIC AND TECHNICAL ACTIVITIES': -1.2810431718826294, 'F_CONSTRUCTION': -1.4611880779266357, 'D_ELECTRICITY, GAS, STEAM AND AIR CONDITIONING SUPPLY': -1.5917226076126099, 'L_REAL ESTATE ACTIVITIES': -1.66209077835083, 'E_WATER SUPPLY; SEWERAGE, WASTE MANAGEMENT AND REMEDIATION ACTIVITIES': -1.7556086778640747, 'P_EDUCATION': -1.9003465175628662, 'C_MANUFACTURING': -1.9204729795455933, 'B_MINING AND QUARRYING': -2.5680601596832275, 'A_AGRICULTURE, FORESTRY AND FISHING': -2.609109878540039, 'J_INFORMATION AND COMMUNICATION': -3.5822770595550537}",K
10,Sika AG3.txt,20.59,Manufacture of other chemical products n.e.c.,C,14.0,16,"{'K_FINANCIAL AND INSURANCE ACTIVITIES': 2.478400707244873, 'G_WHOLESALE AND RETAIL TRADE; REPAIR OF MOTOR VEHICLES AND MOTORCYCLES': 1.749963402748108, 'N_ADMINISTRATIVE AND SUPPORT SERVICE ACTIVITIES': 1.398045301437378, 'Q_HUMAN HEALTH AND SOCIAL WORK ACTIVITIES': -0.06899698823690414, 'I_ACCOMMODATION AND FOOD SERVICE ACTIVITIES': -0.5499876141548157, 'H_TRANSPORTATION AND STORAGE': -1.142728328704834, 'M_PROFESSIONAL, SCIENTIFIC AND TECHNICAL ACTIVITIES': -1.2812721729278564, 'F_CONSTRUCTION': -1.3765795230865479, 'P_EDUCATION': -1.4532257318496704, 'D_ELECTRICITY, GAS, STEAM AND AIR CONDITIONING SUPPLY': -1.4839922189712524, 'L_REAL ESTATE ACTIVITIES': -1.6301637887954712, 'E_WATER SUPPLY; SEWERAGE, WASTE MANAGEMENT AND REMEDIATION ACTIVITIES': -1.9710227251052856, 'B_MINING AND QUARRYING': -2.63693904876709, 'A_AGRICULTURE, FORESTRY AND FISHING': -2.653696060180664, 'C_MANUFACTURING': -2.6857528686523438, 'J_INFORMATION AND COMMUNICATION': -3.385531187057495}",K
11,Swiss Prime Site AG2.txt,68.31,Real estate agencies,L,1.0,16,"{'K_FINANCIAL AND INSURANCE ACTIVITIES': 3.056713819503784, 'L_REAL ESTATE ACTIVITIES': 1.9638302326202393, 'G_WHOLESALE AND RETAIL TRADE; REPAIR OF MOTOR VEHICLES AND MOTORCYCLES': 0.6647269129753113, 'N_ADMINISTRATIVE AND SUPPORT SERVICE ACTIVITIES': 0.5470390319824219, 'F_CONSTRUCTION': -0.10114893317222595, 'I_ACCOMMODATION AND FOOD SERVICE ACTIVITIES': -0.17307186126708984, 'H_TRANSPORTATION AND STORAGE': -0.4385572373867035, 'Q_HUMAN HEALTH AND SOCIAL WORK ACTIVITIES': -1.7068380117416382, 'D_ELECTRICITY, GAS, STEAM AND AIR CONDITIONING SUPPLY': -1.7924561500549316, 'E_WATER SUPPLY; SEWERAGE, WASTE MANAGEMENT AND REMEDIATION ACTIVITIES': -1.8758749961853027, 'M_PROFESSIONAL, SCIENTIFIC AND TECHNICAL ACTIVITIES': -1.995166540145874, 'A_AGRICULTURE, FORESTRY AND FISHING': -2.6443660259246826, 'P_EDUCATION': -2.7926900386810303, 'B_MINING AND QUARRYING': -2.7953693866729736, 'C_MANUFACTURING': -3.6781201362609863, 'J_INFORMATION AND COMMUNICATION': -3.8509023189544678}",K
12,Poste Italiane SpA2.txt,64.19,Other monetary intermediation,K,0.0,16,"{'K_FINANCIAL AND INSURANCE ACTIVITIES': 3.19172739982605, 'N_ADMINISTRATIVE AND SUPPORT SERVICE ACTIVITIES': 0.6262109875679016, 'G_WHOLESALE AND RETAIL TRADE; REPAIR OF MOTOR VEHICLES AND MOTORCYCLES': 0.242988720536232, 'H_TRANSPORTATION AND STORAGE': -0.14212782680988312, 'D_ELECTRICITY, GAS, STEAM AND AIR CONDITIONING SUPPLY': -0.7519124150276184, 'I_ACCOMMODATION AND FOOD SERVICE ACTIVITIES': -0.8557122349739075, 'M_PROFESSIONAL, SCIENTIFIC AND TECHNICAL ACTIVITIES': -0.9106407761573792, 'F_CONSTRUCTION': -1.0094929933547974, 'E_WATER SUPPLY; SEWERAGE, WASTE MANAGEMENT AND REMEDIATION ACTIVITIES': -1.2908604145050049, 'L_REAL ESTATE ACTIVITIES': -1.3137575387954712, 'Q_HUMAN HEALTH AND SOCIAL WORK ACTIVITIES': -1.4571396112442017, 'B_MINING AND QUARRYING': -1.9661121368408203, 'P_EDUCATION': -2.3760337829589844, 'A_AGRICULTURE, FORESTRY AND FISHING': -2.5076498985290527, 'C_MANUFACTURING': -2.6465072631835938, 'J_INFORMATION AND COMMUNICATION': -3.3792624473571777}",K
13,Haleon PLC1.txt,46.46,Wholesale of pharmaceutical goods,G,2.0,16,"{'K_FINANCIAL AND INSURANCE ACTIVITIES': 3.00740122795105, 'N_ADMINISTRATIVE AND SUPPORT SERVICE ACTIVITIES': 1.5619111061096191, 'G_WHOLESALE AND RETAIL TRADE; REPAIR OF MOTOR VEHICLES AND MOTORCYCLES': 1.400282859802246, 'I_ACCOMMODATION AND FOOD SERVICE ACTIVITIES': -0.4344065487384796, 'H_TRANSPORTATION AND STORAGE': -0.9511322379112244, 'M_PROFESSIONAL, SCIENTIFIC AND TECHNICAL ACTIVITIES': -1.136786699295044, 'Q_HUMAN HEALTH AND SOCIAL WORK ACTIVITIES': -1.2078462839126587, 'L_REAL ESTATE ACTIVITIES': -1.32700514793396, 'F_CONSTRUCTION': -1.5353056192398071, 'E_WATER SUPPLY; SEWERAGE, WASTE MANAGEMENT AND REMEDIATION ACTIVITIES': -1.6136937141418457, 'D_ELECTRICITY, GAS, STEAM AND AIR CONDITIONING SUPPLY': -1.620189905166626, 'P_EDUCATION': -2.1107277870178223, 'A_AGRICULTURE, FORESTRY AND FISHING': -2.5229015350341797, 'B_MINING AND QUARRYING': -2.560121774673462, 'C_MANUFACTURING': -2.692155122756958, 'J_INFORMATION AND COMMUNICATION': -3.4560256004333496}",K
14,Land Securities Group PLC2.txt,68.2,Renting and operating of own or leased real estate,L,1.0,16,"{'K_FINANCIAL AND INSURANCE ACTIVITIES': 2.788463830947876, 'L_REAL ESTATE ACTIVITIES': 1.861273169517517, 'N_ADMINISTRATIVE AND SUPPORT SERVICE ACTIVITIES': 0.6203466653823853, 'I_ACCOMMODATION AND FOOD SERVICE ACTIVITIES': 0.5174708366394043, 'G_WHOLESALE AND RETAIL TRADE; REPAIR OF MOTOR VEHICLES AND MOTORCYCLES': 0.3189290165901184, 'F_CONSTRUCTION': -0.22064366936683655, 'H_TRANSPORTATION AND STORAGE': -0.4291660785675049, 'Q_HUMAN HEALTH AND SOCIAL WORK ACTIVITIES': -1.8014416694641113, 'M_PROFESSIONAL, SCIENTIFIC AND TECHNICAL ACTIVITIES': -1.8274239301681519, 'D_ELECTRICITY, GAS, STEAM AND AIR CONDITIONING SUPPLY': -1.9329102039337158, 'E_WATER SUPPLY; SEWERAGE, WASTE MANAGEMENT AND REMEDIATION ACTIVITIES': -1.979841709136963, 'A_AGRICULTURE, FORESTRY AND FISHING': -2.5988996028900146, 'P_EDUCATION': -2.626603841781616, 'B_MINING AND QUARRYING': -2.8052923679351807, 'J_INFORMATION AND COMMUNICATION': -3.509582281112671, 'C_MANUFACTURING': -3.7453904151916504}",K
15,Rentokil Initial plc2.txt,81.29,Other cleaning activities,N,0.0,16,"{'N_ADMINISTRATIVE AND SUPPORT SERVICE ACTIVITIES': 1.1916471719741821, 'K_FINANCIAL AND INSURANCE ACTIVITIES': 0.8735300302505493, 'M_PROFESSIONAL, SCIENTIFIC AND TECHNICAL ACTIVITIES': 0.3614928424358368, 'G_WHOLESALE AND RETAIL TRADE; REPAIR OF MOTOR VEHICLES AND MOTORCYCLES': 0.04415251687169075, 'I_ACCOMMODATION AND FOOD SERVICE ACTIVITIES': -0.21979641914367676, 'E_WATER SUPPLY; SEWERAGE, WASTE MANAGEMENT AND REMEDIATION ACTIVITIES': -1.177308201789856, 'D_ELECTRICITY, GAS, STEAM AND AIR CONDITIONING SUPPLY': -1.2835259437561035, 'H_TRANSPORTATION AND STORAGE': -1.4698944091796875, 'F_CONSTRUCTION': -1.7233047485351562, 'C_MANUFACTURING': -1.772507905960083, 'J_INFORMATION AND COMMUNICATION': -1.936079740524292, 'P_EDUCATION': -1.971560001373291, 'A_AGRICULTURE, FORESTRY AND FISHING': -2.0263285636901855, 'L_REAL ESTATE ACTIVITIES': -2.1303014755249023, 'Q_HUMAN HEALTH AND SOCIAL WORK ACTIVITIES': -2.2537808418273926, 'B_MINING AND QUARRYING': -2.541337251663208}",N
16,Nexans SA3.txt,27.32,Manufacture of other electronic and electric wires and cables,C,15.0,16,"{'N_ADMINISTRATIVE AND SUPPORT SERVICE ACTIVITIES': 3.5886640548706055, 'K_FINANCIAL AND INSURANCE ACTIVITIES': 2.892390251159668, 'M_PROFESSIONAL, SCIENTIFIC AND TECHNICAL ACTIVITIES': 1.1622356176376343, 'G_WHOLESALE AND RETAIL TRADE; REPAIR OF MOTOR VEHICLES AND MOTORCYCLES': 0.5396403074264526, 'I_ACCOMMODATION AND FOOD SERVICE ACTIVITIES': -0.8032557964324951, 'E_WATER SUPPLY; SEWERAGE, WASTE MANAGEMENT AND REMEDIATION ACTIVITIES': -1.7177326679229736, 'Q_HUMAN HEALTH AND SOCIAL WORK ACTIVITIES': -1.735048770904541, 'F_CONSTRUCTION': -1.9384160041809082, 'H_TRANSPORTATION AND STORAGE': -1.9480282068252563, 'P_EDUCATION': -2.06387996673584, 'L_REAL ESTATE ACTIVITIES': -2.114356279373169, 'D_ELECTRICITY, GAS, STEAM AND AIR CONDITIONING SUPPLY': -2.5284266471862793, 'J_INFORMATION AND COMMUNICATION': -2.632023811340332, 'B_MINING AND QUARRYING': -2.7772536277770996, 'A_AGRICULTURE, FORESTRY AND FISHING': -2.9433767795562744, 'C_MANUFACTURING': -3.0534093379974365}",N
17,SEB SA2.txt,27.51,Manufacture of electric domestic appliances,C,12.0,16,"{'K_FINANCIAL AND INSURANCE ACTIVITIES': 2.3295254707336426, 'G_WHOLESALE AND RETAIL TRADE; REPAIR OF MOTOR VEHICLES AND MOTORCYCLES': 1.6534358263015747, 'N_ADMINISTRATIVE AND SUPPORT SERVICE ACTIVITIES': 1.387229561805725, 'I_ACCOMMODATION AND FOOD SERVICE ACTIVITIES': -0.7971399426460266, 'M_PROFESSIONAL, SCIENTIFIC AND TECHNICAL ACTIVITIES': -0.9564416408538818, 'H_TRANSPORTATION AND STORAGE': -1.0538346767425537, 'Q_HUMAN HEALTH AND SOCIAL WORK ACTIVITIES': -1.284969687461853, 'E_WATER SUPPLY; SEWERAGE, WASTE MANAGEMENT AND REMEDIATION ACTIVITIES': -1.3287994861602783, 'D_ELECTRICITY, GAS, STEAM AND AIR CONDITIONING SUPPLY': -1.378426194190979, 'F_CONSTRUCTION': -1.3928613662719727, 'L_REAL ESTATE ACTIVITIES': -1.4900121688842773, 'P_EDUCATION': -1.9709762334823608, 'C_MANUFACTURING': -2.050767183303833, 'A_AGRICULTURE, FORESTRY AND FISHING': -2.169175386428833, 'B_MINING AND QUARRYING': -2.3395931720733643, 'J_INFORMATION AND COMMUNICATION': -3.2899203300476074}",K
18,Deutsche Bank Aktiengesellschaft1.txt,66.12,Security and commodity contracts brokerage,K,0.0,16,"{'K_FINANCIAL AND INSURANCE ACTIVITIES': 5.4400458335876465, 'N_ADMINISTRATIVE AND SUPPORT SERVICE ACTIVITIES': 1.475350260734558, 'G_WHOLESALE AND RETAIL TRADE; REPAIR OF MOTOR VEHICLES AND MOTORCYCLES': 0.2692638039588928, 'L_REAL ESTATE ACTIVITIES': -0.30770185589790344, 'H_TRANSPORTATION AND STORAGE': -0.5759392976760864, 'M_PROFESSIONAL, SCIENTIFIC AND TECHNICAL ACTIVITIES': -0.753578782081604, 'I_ACCOMMODATION AND FOOD SERVICE ACTIVITIES': -0.8609105348587036, 'F_CONSTRUCTION': -1.3676615953445435, 'E_WATER SUPPLY; SEWERAGE, WASTE MANAGEMENT AND REMEDIATION ACTIVITIES': -1.4852855205535889, 'D_ELECTRICITY, GAS, STEAM AND AIR CONDITIONING SUPPLY': -1.5098882913589478, 'Q_HUMAN HEALTH AND SOCIAL WORK ACTIVITIES': -1.5407239198684692, 'B_MINING AND QUARRYING': -1.9187471866607666, 'A_AGRICULTURE, FORESTRY AND FISHING': -2.2745912075042725, 'P_EDUCATION': -2.6885714530944824, 'C_MANUFACTURING': -3.645582437515259, 'J_INFORMATION AND COMMUNICATION': -3.761300802230835}",K
19,Technip Energies NV1.txt,71.12,Engineering activities and related technical consultancy,M,0.0,16,"{'M_PROFESSIONAL, SCIENTIFIC AND TECHNICAL ACTIVITIES': 2.4215049743652344, 'K_FINANCIAL AND INSURANCE ACTIVITIES': 0.8231399059295654, 'N_ADMINISTRATIVE AND SUPPORT SERVICE ACTIVITIES': 0.6225681900978088, 'F_CONSTRUCTION': -0.6596989631652832, 'G_WHOLESALE AND RETAIL TRADE; REPAIR OF MOTOR VEHICLES AND MOTORCYCLES': -0.6744765043258667, 'D_ELECTRICITY, GAS, STEAM AND AIR CONDITIONING SUPPLY': -1.2270134687423706, 'P_EDUCATION': -1.3810780048370361, 'Q_HUMAN HEALTH AND SOCIAL WORK ACTIVITIES': -1.425763487815857, 'I_ACCOMMODATION AND FOOD SERVICE ACTIVITIES': -1.4385205507278442, 'E_WATER SUPPLY; SEWERAGE, WASTE MANAGEMENT AND REMEDIATION ACTIVITIES': -1.6589974164962769, 'J_INFORMATION AND COMMUNICATION': -1.962975263595581, 'C_MANUFACTURING': -1.9683396816253662, 'H_TRANSPORTATION AND STORAGE': -2.1227457523345947, 'L_REAL ESTATE ACTIVITIES': -2.3225104808807373, 'B_MINING AND QUARRYING': -2.3567004203796387, 'A_AGRICULTURE, FORESTRY AND FISHING': -2.7076354026794434}",M
20,Enagas SA1.txt,35.22,Distribution of gaseous fuels through mains,D,0.0,16,"{'D_ELECTRICITY, GAS, STEAM AND AIR CONDITIONING SUPPLY': 1.5154948234558105, 'K_FINANCIAL AND INSURANCE ACTIVITIES': 1.4995073080062866, 'G_WHOLESALE AND RETAIL TRADE; REPAIR OF MOTOR VEHICLES AND MOTORCYCLES': 0.05007178708910942, 'N_ADMINISTRATIVE AND SUPPORT SERVICE ACTIVITIES': -0.12979339063167572, 'H_TRANSPORTATION AND STORAGE': -0.5314816832542419, 'F_CONSTRUCTION': -0.6244006156921387, 'I_ACCOMMODATION AND FOOD SERVICE ACTIVITIES': -1.1019431352615356, 'M_PROFESSIONAL, SCIENTIFIC AND TECHNICAL ACTIVITIES': -1.1442499160766602, 'Q_HUMAN HEALTH AND SOCIAL WORK ACTIVITIES': -1.252410650253296, 'E_WATER SUPPLY; SEWERAGE, WASTE MANAGEMENT AND REMEDIATION ACTIVITIES': -1.2703936100006104, 'L_REAL ESTATE ACTIVITIES': -1.4649717807769775, 'B_MINING AND QUARRYING': -1.6123610734939575, 'C_MANUFACTURING': -2.4284048080444336, 'P_EDUCATION': -2.433946132659912, 'A_AGRICULTURE, FORESTRY AND FISHING': -2.4351558685302734, 'J_INFORMATION AND COMMUNICATION': -3.1302342414855957}",D
21,Thales SA1.txt,30.3,Manufacture of air and spacecraft and related machinery,C,12.0,16,"{'K_FINANCIAL AND INSURANCE ACTIVITIES': 2.2385923862457275, 'N_ADMINISTRATIVE AND SUPPORT SERVICE ACTIVITIES': 1.5473867654800415, 'G_WHOLESALE AND RETAIL TRADE; REPAIR OF MOTOR VEHICLES AND MOTORCYCLES': 1.446862816810608, 'H_TRANSPORTATION AND STORAGE': -0.21952484548091888, 'I_ACCOMMODATION AND FOOD SERVICE ACTIVITIES': -0.3593735992908478, 'Q_HUMAN HEALTH AND SOCIAL WORK ACTIVITIES': -1.090093970298767, 'M_PROFESSIONAL, SCIENTIFIC AND TECHNICAL ACTIVITIES': -1.2958236932754517, 'F_CONSTRUCTION': -1.4067277908325195, 'D_ELECTRICITY, GAS, STEAM AND AIR CONDITIONING SUPPLY': -1.5676281452178955, 'E_WATER SUPPLY; SEWERAGE, WASTE MANAGEMENT AND REMEDIATION ACTIVITIES': -1.8844295740127563, 'P_EDUCATION': -1.982291579246521, 'L_REAL ESTATE ACTIVITIES': -2.0496723651885986, 'C_MANUFACTURING': -2.462580442428589, 'B_MINING AND QUARRYING': -2.7082440853118896, 'A_AGRICULTURE, FORESTRY AND FISHING': -2.8483405113220215, 'J_INFORMATION AND COMMUNICATION': -3.374009132385254}",K
22,Valmet Corp.2.txt,28.95,Manufacture of machinery for paper and paperboard production,C,2.0,16,"{'G_WHOLESALE AND RETAIL TRADE; REPAIR OF MOTOR VEHICLES AND MOTORCYCLES': 0.5236970782279968, 'K_FINANCIAL AND INSURANCE ACTIVITIES': 0.29612571001052856, 'C_MANUFACTURING': 0.29262012243270874, 'N_ADMINISTRATIVE AND SUPPORT SERVICE ACTIVITIES': 0.10445099323987961, 'M_PROFESSIONAL, SCIENTIFIC AND TECHNICAL ACTIVITIES': -0.14891760051250458, 'D_ELECTRICITY, GAS, STEAM AND AIR CONDITIONING SUPPLY': -0.37550070881843567, 'E_WATER SUPPLY; SEWERAGE, WASTE MANAGEMENT AND REMEDIATION ACTIVITIES': -0.788865864276886, 'F_CONSTRUCTION': -1.0932507514953613, 'H_TRANSPORTATION AND STORAGE': -1.2783284187316895, 'I_ACCOMMODATION AND FOOD SERVICE ACTIVITIES': -1.722675085067749, 'B_MINING AND QUARRYING': -1.7748146057128906, 'Q_HUMAN HEALTH AND SOCIAL WORK ACTIVITIES': -2.082280397415161, 'P_EDUCATION': -2.2136666774749756, 'A_AGRICULTURE, FORESTRY AND FISHING': -2.3233251571655273, 'L_REAL ESTATE ACTIVITIES': -3.002877712249756, 'J_INFORMATION AND COMMUNICATION': -3.115022659301758}",G
23,Howden Joinery Group PLC2.txt,27.51,Manufacture of electric domestic appliances,C,14.0,16,"{'K_FINANCIAL AND INSURANCE ACTIVITIES': 3.7861056327819824, 'N_ADMINISTRATIVE AND SUPPORT SERVICE ACTIVITIES': 1.4763059616088867, 'G_WHOLESALE AND RETAIL TRADE; REPAIR OF MOTOR VEHICLES AND MOTORCYCLES': 1.2547799348831177, 'I_ACCOMMODATION AND FOOD SERVICE ACTIVITIES': -0.05455092713236809, 'L_REAL ESTATE ACTIVITIES': -0.32672119140625, 'H_TRANSPORTATION AND STORAGE': -0.4830749034881592, 'F_CONSTRUCTION': -1.314737319946289, 'Q_HUMAN HEALTH AND SOCIAL WORK ACTIVITIES': -1.568967580795288, 'E_WATER SUPPLY; SEWERAGE, WASTE MANAGEMENT AND REMEDIATION ACTIVITIES': -1.6271073818206787, 'M_PROFESSIONAL, SCIENTIFIC AND TECHNICAL ACTIVITIES': -1.6710610389709473, 'D_ELECTRICITY, GAS, STEAM AND AIR CONDITIONING SUPPLY': -1.8087397813796997, 'P_EDUCATION': -2.429780960083008, 'A_AGRICULTURE, FORESTRY AND FISHING': -2.4736745357513428, 'B_MINING AND QUARRYING': -2.4932117462158203, 'C_MANUFACTURING': -3.1511452198028564, 'J_INFORMATION AND COMMUNICATION': -3.9056477546691895}",K
24,J Sainsbury plc1.txt,47.11,"Retail sale in non-specialised stores with food, beverages or tobacco predominating",G,2.0,16,"{'K_FINANCIAL AND INSURANCE ACTIVITIES': 5.4039506912231445, 'N_ADMINISTRATIVE AND SUPPORT SERVICE ACTIVITIES': 1.5941647291183472, 'G_WHOLESALE AND RETAIL TRADE; REPAIR OF MOTOR VEHICLES AND MOTORCYCLES': -0.03113306500017643, 'L_REAL ESTATE ACTIVITIES': -0.28614747524261475, 'M_PROFESSIONAL, SCIENTIFIC AND TECHNICAL ACTIVITIES': -0.5533154606819153, 'H_TRANSPORTATION AND STORAGE': -0.601935088634491, 'I_ACCOMMODATION AND FOOD SERVICE ACTIVITIES': -0.6324549913406372, 'F_CONSTRUCTION': -1.3732777833938599, 'E_WATER SUPPLY; SEWERAGE, WASTE MANAGEMENT AND REMEDIATION ACTIVITIES': -1.505304217338562, 'D_ELECTRICITY, GAS, STEAM AND AIR CONDITIONING SUPPLY': -1.6591322422027588, 'Q_HUMAN HEALTH AND SOCIAL WORK ACTIVITIES': -1.7760080099105835, 'B_MINING AND QUARRYING': -2.017515182495117, 'A_AGRICULTURE, FORESTRY AND FISHING': -2.324387788772583, 'P_EDUCATION': -2.750201940536499, 'J_INFORMATION AND COMMUNICATION': -3.6075215339660645, 'C_MANUFACTURING': -3.729403257369995}",K
25,Swedish Orphan Biovitrum AB1.txt,21.2,Manufacture of pharmaceutical preparations,C,12.0,16,"{'G_WHOLESALE AND RETAIL TRADE; REPAIR OF MOTOR VEHICLES AND MOTORCYCLES': 2.2682974338531494, 'K_FINANCIAL AND INSURANCE ACTIVITIES': 1.8548458814620972, 'N_ADMINISTRATIVE AND SUPPORT SERVICE ACTIVITIES': 1.4192111492156982, 'I_ACCOMMODATION AND FOOD SERVICE ACTIVITIES': -0.7791043519973755, 'Q_HUMAN HEALTH AND SOCIAL WORK ACTIVITIES': -0.9049796462059021, 'H_TRANSPORTATION AND STORAGE': -1.055856466293335, 'M_PROFESSIONAL, SCIENTIFIC AND TECHNICAL ACTIVITIES': -1.4335392713546753, 'F_CONSTRUCTION': -1.5021154880523682, 'D_ELECTRICITY, GAS, STEAM AND AIR CONDITIONING SUPPLY': -1.5518083572387695, 'P_EDUCATION': -1.7659598588943481, 'E_WATER SUPPLY; SEWERAGE, WASTE MANAGEMENT AND REMEDIATION ACTIVITIES': -1.8740801811218262, 'L_REAL ESTATE ACTIVITIES': -1.979779839515686, 'C_MANUFACTURING': -2.1491427421569824, 'A_AGRICULTURE, FORESTRY AND FISHING': -2.7005977630615234, 'B_MINING AND QUARRYING': -3.006612777709961, 'J_INFORMATION AND COMMUNICATION': -3.2016830444335938}",G
26,Accelleron Industries AG1.txt,28.11,"Manufacture of engines and turbines, except aircraft, vehicle and cycle engines",C,13.0,16,"{'K_FINANCIAL AND INSURANCE ACTIVITIES': 2.3736958503723145, 'G_WHOLESALE AND RETAIL TRADE; REPAIR OF MOTOR VEHICLES AND MOTORCYCLES': 1.1756393909454346, 'N_ADMINISTRATIVE AND SUPPORT SERVICE ACTIVITIES': 0.9245132803916931, 'H_TRANSPORTATION AND STORAGE': -0.5673771500587463, 'D_ELECTRICITY, GAS, STEAM AND AIR CONDITIONING SUPPLY': -0.7434191107749939, 'I_ACCOMMODATION AND FOOD SERVICE ACTIVITIES': -0.7456759810447693, 'Q_HUMAN HEALTH AND SOCIAL WORK ACTIVITIES': -1.0024389028549194, 'M_PROFESSIONAL, SCIENTIFIC AND TECHNICAL ACTIVITIES': -1.2567768096923828, 'F_CONSTRUCTION': -1.2747437953948975, 'E_WATER SUPPLY; SEWERAGE, WASTE MANAGEMENT AND REMEDIATION ACTIVITIES': -1.638100028038025, 'L_REAL ESTATE ACTIVITIES': -1.6441988945007324, 'P_EDUCATION': -2.0960779190063477, 'B_MINING AND QUARRYING': -2.3175125122070312, 'C_MANUFACTURING': -2.3464322090148926, 'A_AGRICULTURE, FORESTRY AND FISHING': -2.604063034057617, 'J_INFORMATION AND COMMUNICATION': -3.4716548919677734}",K
27,Tate & Lyle PLC1.txt,10.89,Manufacture of other food products n.e.c.,C,14.0,16,"{'K_FINANCIAL AND INSURANCE ACTIVITIES': 2.5714733600616455, 'N_ADMINISTRATIVE AND SUPPORT SERVICE ACTIVITIES': 1.3625202178955078, 'G_WHOLESALE AND RETAIL TRADE; REPAIR OF MOTOR VEHICLES AND MOTORCYCLES': 0.5522698760032654, 'I_ACCOMMODATION AND FOOD SERVICE ACTIVITIES': 0.4394049346446991, 'M_PROFESSIONAL, SCIENTIFIC AND TECHNICAL ACTIVITIES': -0.82178795337677, 'H_TRANSPORTATION AND STORAGE': -1.1111249923706055, 'L_REAL ESTATE ACTIVITIES': -1.301040530204773, 'D_ELECTRICITY, GAS, STEAM AND AIR CONDITIONING SUPPLY': -1.6840811967849731, 'Q_HUMAN HEALTH AND SOCIAL WORK ACTIVITIES': -1.6948436498641968, 'E_WATER SUPPLY; SEWERAGE, WASTE MANAGEMENT AND REMEDIATION ACTIVITIES': -1.7208590507507324, 'F_CONSTRUCTION': -1.7470051050186157, 'P_EDUCATION': -2.0164477825164795, 'A_AGRICULTURE, FORESTRY AND FISHING': -2.209399700164795, 'B_MINING AND QUARRYING': -2.5280134677886963, 'C_MANUFACTURING': -2.7812135219573975, 'J_INFORMATION AND COMMUNICATION': -2.936121702194214}",K
28,Pernod Ricard SA2.txt,11.01,"Distilling, rectifying and blending of spirits",C,14.0,16,"{'K_FINANCIAL AND INSURANCE ACTIVITIES': 3.275475263595581, 'G_WHOLESALE AND RETAIL TRADE; REPAIR OF MOTOR VEHICLES AND MOTORCYCLES': 2.0754146575927734, 'N_ADMINISTRATIVE AND SUPPORT SERVICE ACTIVITIES': 1.270009994506836, 'I_ACCOMMODATION AND FOOD SERVICE ACTIVITIES': -0.3338298201560974, 'H_TRANSPORTATION AND STORAGE': -0.3488115668296814, 'L_REAL ESTATE ACTIVITIES': -0.7557342648506165, 'Q_HUMAN HEALTH AND SOCIAL WORK ACTIVITIES': -1.2048768997192383, 'F_CONSTRUCTION': -1.34219491481781, 'D_ELECTRICITY, GAS, STEAM AND AIR CONDITIONING SUPPLY': -1.5877931118011475, 'E_WATER SUPPLY; SEWERAGE, WASTE MANAGEMENT AND REMEDIATION ACTIVITIES': -1.599414587020874, 'M_PROFESSIONAL, SCIENTIFIC AND TECHNICAL ACTIVITIES': -2.010507583618164, 'P_EDUCATION': -2.1932382583618164, 'A_AGRICULTURE, FORESTRY AND FISHING': -2.3746426105499268, 'B_MINING AND QUARRYING': -2.478267192840576, 'C_MANUFACTURING': -2.7585363388061523, 'J_INFORMATION AND COMMUNICATION': -4.037695407867432}",K
29,ASM International N.V.1.txt,28.99,Manufacture of other special-purpose machinery n.e.c.,C,8.0,16,"{'K_FINANCIAL AND INSURANCE ACTIVITIES': 1.8322628736495972, 'N_ADMINISTRATIVE AND SUPPORT SERVICE ACTIVITIES': 0.8991906642913818, 'G_WHOLESALE AND RETAIL TRADE; REPAIR OF MOTOR VEHICLES AND MOTORCYCLES': 0.7087860703468323, 'M_PROFESSIONAL, SCIENTIFIC AND TECHNICAL ACTIVITIES': -0.31599968671798706, 'I_ACCOMMODATION AND FOOD SERVICE ACTIVITIES': -1.1099317073822021, 'D_ELECTRICITY, GAS, STEAM AND AIR CONDITIONING SUPPLY': -1.1733763217926025, 'E_WATER SUPPLY; SEWERAGE, WASTE MANAGEMENT AND REMEDIATION ACTIVITIES': -1.2124643325805664, 'H_TRANSPORTATION AND STORAGE': -1.2542576789855957, 'C_MANUFACTURING': -1.2749242782592773, 'F_CONSTRUCTION': -1.291277289390564, 'Q_HUMAN HEALTH AND SOCIAL WORK ACTIVITIES': -1.5561575889587402, 'L_REAL ESTATE ACTIVITIES': -2.0530500411987305, 'P_EDUCATION': -2.053769826889038, 'B_MINING AND QUARRYING': -2.1384341716766357, 'A_AGRICULTURE, FORESTRY AND FISHING': -2.345459461212158, 'J_INFORMATION AND COMMUNICATION': -3.212963342666626}",K
30,Tritax Big Box REIT Plc1.txt,68.2,Renting and operating of own or leased real estate,L,1.0,16,"{'K_FINANCIAL AND INSURANCE ACTIVITIES': 3.360633611679077, 'L_REAL ESTATE ACTIVITIES': 1.1694486141204834, 'N_ADMINISTRATIVE AND SUPPORT SERVICE ACTIVITIES': 0.7565171718597412, 'G_WHOLESALE AND RETAIL TRADE; REPAIR OF MOTOR VEHICLES AND MOTORCYCLES': 0.07248897850513458, 'I_ACCOMMODATION AND FOOD SERVICE ACTIVITIES': -0.02262299135327339, 'H_TRANSPORTATION AND STORAGE': -0.3704121708869934, 'F_CONSTRUCTION': -0.395063579082489, 'M_PROFESSIONAL, SCIENTIFIC AND TECHNICAL ACTIVITIES': -1.4821751117706299, 'D_ELECTRICITY, GAS, STEAM AND AIR CONDITIONING SUPPLY': -1.6370782852172852, 'E_WATER SUPPLY; SEWERAGE, WASTE MANAGEMENT AND REMEDIATION ACTIVITIES': -1.6968971490859985, 'Q_HUMAN HEALTH AND SOCIAL WORK ACTIVITIES': -1.9579051733016968, 'B_MINING AND QUARRYING': -2.492067337036133, 'A_AGRICULTURE, FORESTRY AND FISHING': -2.5306761264801025, 'P_EDUCATION': -2.768059492111206, 'C_MANUFACTURING': -3.5611135959625244, 'J_INFORMATION AND COMMUNICATION': -3.5920705795288086}",K
31,AstraZeneca PLC1.txt,21.2,Manufacture of pharmaceutical preparations,C,14.0,16,"{'K_FINANCIAL AND INSURANCE ACTIVITIES': 2.527594566345215, 'N_ADMINISTRATIVE AND SUPPORT SERVICE ACTIVITIES': 1.3104593753814697, 'G_WHOLESALE AND RETAIL TRADE; REPAIR OF MOTOR VEHICLES AND MOTORCYCLES': 0.7762201428413391, 'I_ACCOMMODATION AND FOOD SERVICE ACTIVITIES': -0.3849746584892273, 'M_PROFESSIONAL, SCIENTIFIC AND TECHNICAL ACTIVITIES': -0.5948448777198792, 'H_TRANSPORTATION AND STORAGE': -1.2491220235824585, 'Q_HUMAN HEALTH AND SOCIAL WORK ACTIVITIES': -1.325998067855835, 'D_ELECTRICITY, GAS, STEAM AND AIR CONDITIONING SUPPLY': -1.5393929481506348, 'L_REAL ESTATE ACTIVITIES': -1.5637011528015137, 'F_CONSTRUCTION': -1.6359827518463135, 'E_WATER SUPPLY; SEWERAGE, WASTE MANAGEMENT AND REMEDIATION ACTIVITIES': -1.7350674867630005, 'P_EDUCATION': -1.961948275566101, 'A_AGRICULTURE, FORESTRY AND FISHING': -2.466522455215454, 'J_INFORMATION AND COMMUNICATION': -2.560290813446045, 'C_MANUFACTURING': -2.7774579524993896, 'B_MINING AND QUARRYING': -2.7831311225891113}",K
32,Totalenergies EP Gabon1.txt,06.1,Extraction of crude petroleum,B,4.0,16,"{'K_FINANCIAL AND INSURANCE ACTIVITIES': 1.9189603328704834, 'G_WHOLESALE AND RETAIL TRADE; REPAIR OF MOTOR VEHICLES AND MOTORCYCLES': 0.7241603136062622, 'D_ELECTRICITY, GAS, STEAM AND AIR CONDITIONING SUPPLY': 0.5303850769996643, 'N_ADMINISTRATIVE AND SUPPORT SERVICE ACTIVITIES': 0.24722962081432343, 'B_MINING AND QUARRYING': -0.431118905544281, 'H_TRANSPORTATION AND STORAGE': -0.6358017921447754, 'F_CONSTRUCTION': -0.6847441792488098, 'E_WATER SUPPLY; SEWERAGE, WASTE MANAGEMENT AND REMEDIATION ACTIVITIES': -0.9036580324172974, 'I_ACCOMMODATION AND FOOD SERVICE ACTIVITIES': -1.3359947204589844, 'M_PROFESSIONAL, SCIENTIFIC AND TECHNICAL ACTIVITIES': -1.5388875007629395, 'C_MANUFACTURING': -1.6972118616104126, 'Q_HUMAN HEALTH AND SOCIAL WORK ACTIVITIES': -1.736483097076416, 'L_REAL ESTATE ACTIVITIES': -1.9520131349563599, 'A_AGRICULTURE, FORESTRY AND FISHING': -2.306145429611206, 'P_EDUCATION': -2.6961822509765625, 'J_INFORMATION AND COMMUNICATION': -4.0757880210876465}",K
33,Siemens Energy AG1.txt,27.33,Manufacture of wiring devices,C,12.0,16,"{'K_FINANCIAL AND INSURANCE ACTIVITIES': 1.595495343208313, 'D_ELECTRICITY, GAS, STEAM AND AIR CONDITIONING SUPPLY': 0.3576631546020508, 'G_WHOLESALE AND RETAIL TRADE; REPAIR OF MOTOR VEHICLES AND MOTORCYCLES': 0.2953822612762451, 'N_ADMINISTRATIVE AND SUPPORT SERVICE ACTIVITIES': 0.18346360325813293, 'F_CONSTRUCTION': -0.5020783543586731, 'M_PROFESSIONAL, SCIENTIFIC AND TECHNICAL ACTIVITIES': -0.8279302716255188, 'H_TRANSPORTATION AND STORAGE': -0.8285062313079834, 'I_ACCOMMODATION AND FOOD SERVICE ACTIVITIES': -1.1736737489700317, 'E_WATER SUPPLY; SEWERAGE, WASTE MANAGEMENT AND REMEDIATION ACTIVITIES': -1.318572998046875, 'Q_HUMAN HEALTH AND SOCIAL WORK ACTIVITIES': -1.5381300449371338, 'L_REAL ESTATE ACTIVITIES': -1.7495406866073608, 'B_MINING AND QUARRYING': -1.9136841297149658, 'C_MANUFACTURING': -2.1056628227233887, 'P_EDUCATION': -2.1928904056549072, 'A_AGRICULTURE, FORESTRY AND FISHING': -2.620697498321533, 'J_INFORMATION AND COMMUNICATION': -3.133439540863037}",K
34,Eni S.p.A.1.txt,19.2,Manufacture of refined petroleum products,C,8.0,16,"{'D_ELECTRICITY, GAS, STEAM AND AIR CONDITIONING SUPPLY': 2.0004637241363525, 'K_FINANCIAL AND INSURANCE ACTIVITIES': 0.7835386991500854, 'B_MINING AND QUARRYING': 0.2930555045604706, 'G_WHOLESALE AND RETAIL TRADE; REPAIR OF MOTOR VEHICLES AND MOTORCYCLES': -0.07439667731523514, 'F_CONSTRUCTION': -0.2654665410518646, 'E_WATER SUPPLY; SEWERAGE, WASTE MANAGEMENT AND REMEDIATION ACTIVITIES': -0.4268116056919098, 'H_TRANSPORTATION AND STORAGE': -0.44974955916404724, 'N_ADMINISTRATIVE AND SUPPORT SERVICE ACTIVITIES': -0.9396523833274841, 'C_MANUFACTURING': -1.2888239622116089, 'M_PROFESSIONAL, SCIENTIFIC AND TECHNICAL ACTIVITIES': -1.3820198774337769, 'I_ACCOMMODATION AND FOOD SERVICE ACTIVITIES': -1.7737005949020386, 'A_AGRICULTURE, FORESTRY AND FISHING': -1.8288171291351318, 'L_REAL ESTATE ACTIVITIES': -1.9865814447402954, 'Q_HUMAN HEALTH AND SOCIAL WORK ACTIVITIES': -1.993937373161316, 'P_EDUCATION': -2.91060733795166, 'J_INFORMATION AND COMMUNICATION': -3.827836513519287}",D
35,Soitec SA1.txt,28.99,Manufacture of other special-purpose machinery n.e.c.,C,12.0,16,"{'G_WHOLESALE AND RETAIL TRADE; REPAIR OF MOTOR VEHICLES AND MOTORCYCLES': 3.3881962299346924, 'K_FINANCIAL AND INSURANCE ACTIVITIES': 2.6248602867126465, 'N_ADMINISTRATIVE AND SUPPORT SERVICE ACTIVITIES': 0.9592641592025757, 'Q_HUMAN HEALTH AND SOCIAL WORK ACTIVITIES': 0.08233725279569626, 'H_TRANSPORTATION AND STORAGE': -0.308880090713501, 'L_REAL ESTATE ACTIVITIES': -0.8426792025566101, 'I_ACCOMMODATION AND FOOD SERVICE ACTIVITIES': -1.1700173616409302, 'F_CONSTRUCTION': -1.1741150617599487, 'D_ELECTRICITY, GAS, STEAM AND AIR CONDITIONING SUPPLY': -1.4146537780761719, 'P_EDUCATION': -1.6576186418533325, 'E_WATER SUPPLY; SEWERAGE, WASTE MANAGEMENT AND REMEDIATION ACTIVITIES': -1.7263782024383545, 'M_PROFESSIONAL, SCIENTIFIC AND TECHNICAL ACTIVITIES': -2.0534799098968506, 'C_MANUFACTURING': -2.2620530128479004, 'A_AGRICULTURE, FORESTRY AND FISHING': -2.444216728210449, 'B_MINING AND QUARRYING': -2.571788787841797, 'J_INFORMATION AND COMMUNICATION': -4.14127254486084}",G
36,Alstom SA2.txt,30.2,Manufacture of railway locomotives and rolling stock,C,8.0,16,"{'H_TRANSPORTATION AND STORAGE': 2.9304745197296143, 'K_FINANCIAL AND INSURANCE ACTIVITIES': 1.3291058540344238, 'G_WHOLESALE AND RETAIL TRADE; REPAIR OF MOTOR VEHICLES AND MOTORCYCLES': 1.3072725534439087, 'N_ADMINISTRATIVE AND SUPPORT SERVICE ACTIVITIES': 0.5417401194572449, 'I_ACCOMMODATION AND FOOD SERVICE ACTIVITIES': -0.3476289212703705, 'F_CONSTRUCTION': -0.7346863150596619, 'D_ELECTRICITY, GAS, STEAM AND AIR CONDITIONING SUPPLY': -0.9381970763206482, 'E_WATER SUPPLY; SEWERAGE, WASTE MANAGEMENT AND REMEDIATION ACTIVITIES': -1.536336064338684, 'C_MANUFACTURING': -1.7192257642745972, 'Q_HUMAN HEALTH AND SOCIAL WORK ACTIVITIES': -1.9022918939590454, 'L_REAL ESTATE ACTIVITIES': -2.1615772247314453, 'B_MINING AND QUARRYING': -2.3290414810180664, 'M_PROFESSIONAL, SCIENTIFIC AND TECHNICAL ACTIVITIES': -2.614164352416992, 'P_EDUCATION': -2.863262891769409, 'A_AGRICULTURE, FORESTRY AND FISHING': -3.1904120445251465, 'J_INFORMATION AND COMMUNICATION': -3.9869444370269775}",H
37,QinetiQ Group plc1.txt,62.01,Computer programming activities,J,15.0,16,"{'K_FINANCIAL AND INSURANCE ACTIVITIES': 2.8421082496643066, 'N_ADMINISTRATIVE AND SUPPORT SERVICE ACTIVITIES': 1.852365255355835, 'G_WHOLESALE AND RETAIL TRADE; REPAIR OF MOTOR VEHICLES AND MOTORCYCLES': 0.4425857961177826, 'M_PROFESSIONAL, SCIENTIFIC AND TECHNICAL ACTIVITIES': 0.08137951791286469, 'I_ACCOMMODATION AND FOOD SERVICE ACTIVITIES': -0.34625443816185, 'H_TRANSPORTATION AND STORAGE': -1.3093470335006714, 'F_CONSTRUCTION': -1.356213927268982, 'Q_HUMAN HEALTH AND SOCIAL WORK ACTIVITIES': -1.4230235815048218, 'L_REAL ESTATE ACTIVITIES': -1.5050767660140991, 'E_WATER SUPPLY; SEWERAGE, WASTE MANAGEMENT AND REMEDIATION ACTIVITIES': -1.69762122631073, 'D_ELECTRICITY, GAS, STEAM AND AIR CONDITIONING SUPPLY': -1.829683780670166, 'P_EDUCATION': -1.9670708179473877, 'B_MINING AND QUARRYING': -2.5285756587982178, 'A_AGRICULTURE, FORESTRY AND FISHING': -2.636950731277466, 'C_MANUFACTURING': -2.8390471935272217, 'J_INFORMATION AND COMMUNICATION': -2.880845546722412}",K
38,Rexel SA1.txt,46.69,Wholesale of other machinery and equipment,G,1.0,16,"{'K_FINANCIAL AND INSURANCE ACTIVITIES': 3.0484659671783447, 'G_WHOLESALE AND RETAIL TRADE; REPAIR OF MOTOR VEHICLES AND MOTORCYCLES': 1.8663668632507324, 'N_ADMINISTRATIVE AND SUPPORT SERVICE ACTIVITIES': 1.0004829168319702, 'H_TRANSPORTATION AND STORAGE': -0.4065791666507721, 'I_ACCOMMODATION AND FOOD SERVICE ACTIVITIES': -0.5998282432556152, 'L_REAL ESTATE ACTIVITIES': -0.9143218398094177, 'D_ELECTRICITY, GAS, STEAM AND AIR CONDITIONING SUPPLY': -1.0774866342544556, 'Q_HUMAN HEALTH AND SOCIAL WORK ACTIVITIES': -1.093055009841919, 'F_CONSTRUCTION': -1.1407381296157837, 'E_WATER SUPPLY; SEWERAGE, WASTE MANAGEMENT AND REMEDIATION ACTIVITIES': -1.5460352897644043, 'M_PROFESSIONAL, SCIENTIFIC AND TECHNICAL ACTIVITIES': -1.9610031843185425, 'P_EDUCATION': -2.3063650131225586, 'B_MINING AND QUARRYING': -2.391967535018921, 'A_AGRICULTURE, FORESTRY AND FISHING': -2.55159592628479, 'C_MANUFACTURING': -2.81339430809021, 'J_INFORMATION AND COMMUNICATION': -4.032873630523682}",K
39,COMET Holding AG1.txt,26.6,"Manufacture of irradiation, electromedical and electrotherapeutic equipment",C,9.0,16,"{'K_FINANCIAL AND INSURANCE ACTIVITIES': 1.4325555562973022, 'G_WHOLESALE AND RETAIL TRADE; REPAIR OF MOTOR VEHICLES AND MOTORCYCLES': 0.8673346042633057, 'N_ADMINISTRATIVE AND SUPPORT SERVICE ACTIVITIES': 0.6060198545455933, 'M_PROFESSIONAL, SCIENTIFIC AND TECHNICAL ACTIVITIES': -0.42719390988349915, 'D_ELECTRICITY, GAS, STEAM AND AIR CONDITIONING SUPPLY': -0.7223532795906067, 'I_ACCOMMODATION AND FOOD SERVICE ACTIVITIES': -0.9838957786560059, 'Q_HUMAN HEALTH AND SOCIAL WORK ACTIVITIES': -1.0626068115234375, 'H_TRANSPORTATION AND STORAGE': -1.1792621612548828, 'F_CONSTRUCTION': -1.2313132286071777, 'C_MANUFACTURING': -1.4454818964004517, 'E_WATER SUPPLY; SEWERAGE, WASTE MANAGEMENT AND REMEDIATION ACTIVITIES': -1.6342989206314087, 'P_EDUCATION': -1.7750701904296875, 'L_REAL ESTATE ACTIVITIES': -2.176969289779663, 'B_MINING AND QUARRYING': -2.1892330646514893, 'A_AGRICULTURE, FORESTRY AND FISHING': -2.4910573959350586, 'J_INFORMATION AND COMMUNICATION': -3.0472147464752197}",K
40,Yara International ASA2.txt,20.15,Manufacture of fertilisers and nitrogen compounds,C,7.0,16,"{'K_FINANCIAL AND INSURANCE ACTIVITIES': 0.4150971472263336, 'N_ADMINISTRATIVE AND SUPPORT SERVICE ACTIVITIES': 0.26320719718933105, 'G_WHOLESALE AND RETAIL TRADE; REPAIR OF MOTOR VEHICLES AND MOTORCYCLES': 0.09313765913248062, 'M_PROFESSIONAL, SCIENTIFIC AND TECHNICAL ACTIVITIES': -0.14811262488365173, 'A_AGRICULTURE, FORESTRY AND FISHING': -0.21623647212982178, 'E_WATER SUPPLY; SEWERAGE, WASTE MANAGEMENT AND REMEDIATION ACTIVITIES': -0.6926262974739075, 'D_ELECTRICITY, GAS, STEAM AND AIR CONDITIONING SUPPLY': -0.8314177989959717, 'C_MANUFACTURING': -1.059956431388855, 'I_ACCOMMODATION AND FOOD SERVICE ACTIVITIES': -1.065516471862793, 'H_TRANSPORTATION AND STORAGE': -1.5367306470870972, 'B_MINING AND QUARRYING': -1.6052336692810059, 'F_CONSTRUCTION': -1.7376680374145508, 'L_REAL ESTATE ACTIVITIES': -2.2779643535614014, 'P_EDUCATION': -2.3369429111480713, 'Q_HUMAN HEALTH AND SOCIAL WORK ACTIVITIES': -2.447932243347168, 'J_INFORMATION AND COMMUNICATION': -2.5337562561035156}",K
41,Telia Company AB2.txt,61.9,Other telecommunications activities,J,15.0,16,"{'K_FINANCIAL AND INSURANCE ACTIVITIES': 5.520309925079346, 'N_ADMINISTRATIVE AND SUPPORT SERVICE ACTIVITIES': 1.2288542985916138, 'G_WHOLESALE AND RETAIL TRADE; REPAIR OF MOTOR VEHICLES AND MOTORCYCLES': 0.06529709696769714, 'L_REAL ESTATE ACTIVITIES': -0.3534933030605316, 'H_TRANSPORTATION AND STORAGE': -0.404487669467926, 'M_PROFESSIONAL, SCIENTIFIC AND TECHNICAL ACTIVITIES': -0.647515058517456, 'I_ACCOMMODATION AND FOOD SERVICE ACTIVITIES': -0.9137799739837646, 'F_CONSTRUCTION': -1.2855266332626343, 'D_ELECTRICITY, GAS, STEAM AND AIR CONDITIONING SUPPLY': -1.3136873245239258, 'E_WATER SUPPLY; SEWERAGE, WASTE MANAGEMENT AND REMEDIATION ACTIVITIES': -1.4621710777282715, 'Q_HUMAN HEALTH AND SOCIAL WORK ACTIVITIES': -1.4738675355911255, 'B_MINING AND QUARRYING': -1.7498620748519897, 'A_AGRICULTURE, FORESTRY AND FISHING': -2.241122007369995, 'P_EDUCATION': -2.6871132850646973, 'C_MANUFACTURING': -3.6218388080596924, 'J_INFORMATION AND COMMUNICATION': -3.69417667388916}",K
42,RELX PLC1.txt,82.99,Other business support service activities n.e.c.,N,1.0,16,"{'K_FINANCIAL AND INSURANCE ACTIVITIES': 2.710512161254883, 'N_ADMINISTRATIVE AND SUPPORT SERVICE ACTIVITIES': 1.555035948753357, 'G_WHOLESALE AND RETAIL TRADE; REPAIR OF MOTOR VEHICLES AND MOTORCYCLES': 0.4134178161621094, 'M_PROFESSIONAL, SCIENTIFIC AND TECHNICAL ACTIVITIES': -0.17013458907604218, 'I_ACCOMMODATION AND FOOD SERVICE ACTIVITIES': -0.2870822548866272, 'Q_HUMAN HEALTH AND SOCIAL WORK ACTIVITIES': -1.2303334474563599, 'H_TRANSPORTATION AND STORAGE': -1.3130208253860474, 'L_REAL ESTATE ACTIVITIES': -1.5064196586608887, 'F_CONSTRUCTION': -1.6159076690673828, 'D_ELECTRICITY, GAS, STEAM AND AIR CONDITIONING SUPPLY': -1.6608624458312988, 'E_WATER SUPPLY; SEWERAGE, WASTE MANAGEMENT AND REMEDIATION ACTIVITIES': -1.7253968715667725, 'P_EDUCATION': -1.831260323524475, 'A_AGRICULTURE, FORESTRY AND FISHING': -2.5542550086975098, 'B_MINING AND QUARRYING': -2.5688328742980957, 'J_INFORMATION AND COMMUNICATION': -2.753467082977295, 'C_MANUFACTURING': -2.8251240253448486}",K
43,ITV plc1.txt,59.11,"Motion picture, video and television programme production activities",J,12.0,16,"{'K_FINANCIAL AND INSURANCE ACTIVITIES': 2.071683168411255, 'Q_HUMAN HEALTH AND SOCIAL WORK ACTIVITIES': 1.8775646686553955, 'N_ADMINISTRATIVE AND SUPPORT SERVICE ACTIVITIES': 1.0745381116867065, 'G_WHOLESALE AND RETAIL TRADE; REPAIR OF MOTOR VEHICLES AND MOTORCYCLES': 0.833112359046936, 'M_PROFESSIONAL, SCIENTIFIC AND TECHNICAL ACTIVITIES': -0.35853204131126404, 'I_ACCOMMODATION AND FOOD SERVICE ACTIVITIES': -0.4817207157611847, 'H_TRANSPORTATION AND STORAGE': -1.1309047937393188, 'P_EDUCATION': -1.2585777044296265, 'L_REAL ESTATE ACTIVITIES': -1.381147861480713, 'D_ELECTRICITY, GAS, STEAM AND AIR CONDITIONING SUPPLY': -1.5564042329788208, 'F_CONSTRUCTION': -1.6940239667892456, 'E_WATER SUPPLY; SEWERAGE, WASTE MANAGEMENT AND REMEDIATION ACTIVITIES': -2.7897212505340576, 'J_INFORMATION AND COMMUNICATION': -2.919943332672119, 'B_MINING AND QUARRYING': -3.2312846183776855, 'A_AGRICULTURE, FORESTRY AND FISHING': -3.376650810241699, 'C_MANUFACTURING': -3.456225872039795}",K
44,TUI AG1.txt,79.12,Tour operator activities,N,1.0,16,"{'K_FINANCIAL AND INSURANCE ACTIVITIES': 3.644467830657959, 'N_ADMINISTRATIVE AND SUPPORT SERVICE ACTIVITIES': 1.5815882682800293, 'G_WHOLESALE AND RETAIL TRADE; REPAIR OF MOTOR VEHICLES AND MOTORCYCLES': 1.100250482559204, 'I_ACCOMMODATION AND FOOD SERVICE ACTIVITIES': 0.03137654811143875, 'H_TRANSPORTATION AND STORAGE': -0.5532745122909546, 'L_REAL ESTATE ACTIVITIES': -0.8372375965118408, 'Q_HUMAN HEALTH AND SOCIAL WORK ACTIVITIES': -1.0590814352035522, 'F_CONSTRUCTION': -1.3712775707244873, 'M_PROFESSIONAL, SCIENTIFIC AND TECHNICAL ACTIVITIES': -1.4330979585647583, 'D_ELECTRICITY, GAS, STEAM AND AIR CONDITIONING SUPPLY': -1.7622034549713135, 'E_WATER SUPPLY; SEWERAGE, WASTE MANAGEMENT AND REMEDIATION ACTIVITIES': -1.875596523284912, 'P_EDUCATION': -2.1142537593841553, 'B_MINING AND QUARRYING': -2.4763565063476562, 'A_AGRICULTURE, FORESTRY AND FISHING': -2.609137535095215, 'C_MANUFACTURING': -3.2509491443634033, 'J_INFORMATION AND COMMUNICATION': -3.688467502593994}",K
45,Legal & General Group Plc1.txt,65.11,Life insurance,K,0.0,16,"{'K_FINANCIAL AND INSURANCE ACTIVITIES': 4.338873863220215, 'N_ADMINISTRATIVE AND SUPPORT SERVICE ACTIVITIES': 1.5703232288360596, 'G_WHOLESALE AND RETAIL TRADE; REPAIR OF MOTOR VEHICLES AND MOTORCYCLES': 0.20181351900100708, 'I_ACCOMMODATION AND FOOD SERVICE ACTIVITIES': -0.3479035794734955, 'L_REAL ESTATE ACTIVITIES': -0.559601366519928, 'M_PROFESSIONAL, SCIENTIFIC AND TECHNICAL ACTIVITIES': -0.6698380708694458, 'H_TRANSPORTATION AND STORAGE': -0.8870363831520081, 'F_CONSTRUCTION': -1.3761415481567383, 'Q_HUMAN HEALTH AND SOCIAL WORK ACTIVITIES': -1.5773733854293823, 'E_WATER SUPPLY; SEWERAGE, WASTE MANAGEMENT AND REMEDIATION ACTIVITIES': -1.6124927997589111, 'D_ELECTRICITY, GAS, STEAM AND AIR CONDITIONING SUPPLY': -1.6383942365646362, 'B_MINING AND QUARRYING': -2.276350975036621, 'A_AGRICULTURE, FORESTRY AND FISHING': -2.4421017169952393, 'P_EDUCATION': -2.4627556800842285, 'J_INFORMATION AND COMMUNICATION': -3.3749351501464844, 'C_MANUFACTURING': -3.4768948554992676}",K
46,Wendel SE2.txt,64.99,"Other financial service activities, except insurance and pension funding n.e.c.",K,0.0,16,"{'K_FINANCIAL AND INSURANCE ACTIVITIES': 3.068901538848877, 'N_ADMINISTRATIVE AND SUPPORT SERVICE ACTIVITIES': 1.016945719718933, 'G_WHOLESALE AND RETAIL TRADE; REPAIR OF MOTOR VEHICLES AND MOTORCYCLES': 0.9725738763809204, 'I_ACCOMMODATION AND FOOD SERVICE ACTIVITIES': -0.525421679019928, 'H_TRANSPORTATION AND STORAGE': -0.9257268905639648, 'Q_HUMAN HEALTH AND SOCIAL WORK ACTIVITIES': -0.9665173292160034, 'M_PROFESSIONAL, SCIENTIFIC AND TECHNICAL ACTIVITIES': -1.0111984014511108, 'L_REAL ESTATE ACTIVITIES': -1.2070368528366089, 'F_CONSTRUCTION': -1.3363481760025024, 'D_ELECTRICITY, GAS, STEAM AND AIR CONDITIONING SUPPLY': -1.39154851436615, 'E_WATER SUPPLY; SEWERAGE, WASTE MANAGEMENT AND REMEDIATION ACTIVITIES': -1.7284364700317383, 'P_EDUCATION': -2.001537561416626, 'B_MINING AND QUARRYING': -2.4586377143859863, 'A_AGRICULTURE, FORESTRY AND FISHING': -2.5092108249664307, 'C_MANUFACTURING': -2.7459137439727783, 'J_INFORMATION AND COMMUNICATION': -3.405588388442993}",K
47,Banca Popolare di Sondrio S.p.A.1.txt,64.19,Other monetary intermediation,K,0.0,16,"{'K_FINANCIAL AND INSURANCE ACTIVITIES': 4.903204917907715, 'N_ADMINISTRATIVE AND SUPPORT SERVICE ACTIVITIES': 1.2475180625915527, 'G_WHOLESALE AND RETAIL TRADE; REPAIR OF MOTOR VEHICLES AND MOTORCYCLES': 0.34833577275276184, 'L_REAL ESTATE ACTIVITIES': -0.30390283465385437, 'H_TRANSPORTATION AND STORAGE': -0.5365457534790039, 'I_ACCOMMODATION AND FOOD SERVICE ACTIVITIES': -0.7260617017745972, 'M_PROFESSIONAL, SCIENTIFIC AND TECHNICAL ACTIVITIES': -0.8836529850959778, 'F_CONSTRUCTION': -1.2496615648269653, 'D_ELECTRICITY, GAS, STEAM AND AIR CONDITIONING SUPPLY': -1.4499953985214233, 'Q_HUMAN HEALTH AND SOCIAL WORK ACTIVITIES': -1.4512845277786255, 'E_WATER SUPPLY; SEWERAGE, WASTE MANAGEMENT AND REMEDIATION ACTIVITIES': -1.557183861732483, 'B_MINING AND QUARRYING': -2.012014865875244, 'A_AGRICULTURE, FORESTRY AND FISHING': -2.276249647140503, 'P_EDUCATION': -2.564443826675415, 'C_MANUFACTURING': -3.507883310317993, 'J_INFORMATION AND COMMUNICATION': -3.676555633544922}",K
48,Aviva plc1.txt,65.11,Life insurance,K,0.0,16,"{'K_FINANCIAL AND INSURANCE ACTIVITIES': 4.821054458618164, 'N_ADMINISTRATIVE AND SUPPORT SERVICE ACTIVITIES': 1.4624613523483276, 'G_WHOLESALE AND RETAIL TRADE; REPAIR OF MOTOR VEHICLES AND MOTORCYCLES': 0.19010335206985474, 'L_REAL ESTATE ACTIVITIES': -0.47713127732276917, 'I_ACCOMMODATION AND FOOD SERVICE ACTIVITIES': -0.5382316708564758, 'M_PROFESSIONAL, SCIENTIFIC AND TECHNICAL ACTIVITIES': -0.7218449711799622, 'H_TRANSPORTATION AND STORAGE': -0.7650099396705627, 'F_CONSTRUCTION': -1.4109060764312744, 'Q_HUMAN HEALTH AND SOCIAL WORK ACTIVITIES': -1.5131874084472656, 'D_ELECTRICITY, GAS, STEAM AND AIR CONDITIONING SUPPLY': -1.5731843709945679, 'E_WATER SUPPLY; SEWERAGE, WASTE MANAGEMENT AND REMEDIATION ACTIVITIES': -1.596620798110962, 'B_MINING AND QUARRYING': -2.1553289890289307, 'A_AGRICULTURE, FORESTRY AND FISHING': -2.3729114532470703, 'P_EDUCATION': -2.5649662017822266, 'J_INFORMATION AND COMMUNICATION': -3.556851863861084, 'C_MANUFACTURING': -3.5773849487304688}",K
49,Ipsen SA2.txt,21.2,Manufacture of pharmaceutical preparations,C,14.0,16,"{'K_FINANCIAL AND INSURANCE ACTIVITIES': 0.7063349485397339, 'N_ADMINISTRATIVE AND SUPPORT SERVICE ACTIVITIES': 0.4047117233276367, 'M_PROFESSIONAL, SCIENTIFIC AND TECHNICAL ACTIVITIES': 0.21911786496639252, 'J_INFORMATION AND COMMUNICATION': 0.20869219303131104, 'G_WHOLESALE AND RETAIL TRADE; REPAIR OF MOTOR VEHICLES AND MOTORCYCLES': -0.3691352903842926, 'I_ACCOMMODATION AND FOOD SERVICE ACTIVITIES': -0.4026661217212677, 'D_ELECTRICITY, GAS, STEAM AND AIR CONDITIONING SUPPLY': -1.1051427125930786, 'Q_HUMAN HEALTH AND SOCIAL WORK ACTIVITIES': -1.483767032623291, 'P_EDUCATION': -1.5388637781143188, 'H_TRANSPORTATION AND STORAGE': -1.5737278461456299, 'F_CONSTRUCTION': -1.8125402927398682, 'L_REAL ESTATE ACTIVITIES': -1.9291043281555176, 'E_WATER SUPPLY; SEWERAGE, WASTE MANAGEMENT AND REMEDIATION ACTIVITIES': -1.9757002592086792, 'A_AGRICULTURE, FORESTRY AND FISHING': -2.4121439456939697, 'C_MANUFACTURING': -2.9059553146362305, 'B_MINING AND QUARRYING': -3.6422176361083984}",K
50,Stellantis N.V.1.txt,29.2,Manufacture of bodies (coachwork) for motor vehicles; manufacture of trailers and semi-trailers,C,12.0,16,"{'K_FINANCIAL AND INSURANCE ACTIVITIES': 2.6703948974609375, 'G_WHOLESALE AND RETAIL TRADE; REPAIR OF MOTOR VEHICLES AND MOTORCYCLES': 2.113670587539673, 'N_ADMINISTRATIVE AND SUPPORT SERVICE ACTIVITIES': 1.058985948562622, 'H_TRANSPORTATION AND STORAGE': -0.6025314927101135, 'I_ACCOMMODATION AND FOOD SERVICE ACTIVITIES': -0.9144850373268127, 'Q_HUMAN HEALTH AND SOCIAL WORK ACTIVITIES': -0.925174355506897, 'D_ELECTRICITY, GAS, STEAM AND AIR CONDITIONING SUPPLY': -1.3032346963882446, 'F_CONSTRUCTION': -1.3352117538452148, 'L_REAL ESTATE ACTIVITIES': -1.4674180746078491, 'E_WATER SUPPLY; SEWERAGE, WASTE MANAGEMENT AND REMEDIATION ACTIVITIES': -1.5995204448699951, 'M_PROFESSIONAL, SCIENTIFIC AND TECHNICAL ACTIVITIES': -1.6738275289535522, 'P_EDUCATION': -2.039109706878662, 'C_MANUFACTURING': -2.1014230251312256, 'B_MINING AND QUARRYING': -2.442660093307495, 'A_AGRICULTURE, FORESTRY AND FISHING': -2.5442559719085693, 'J_INFORMATION AND COMMUNICATION': -3.930370569229126}",K
51,UniCredit S.p.A.3.txt,64.19,Other monetary intermediation,K,0.0,16,"{'K_FINANCIAL AND INSURANCE ACTIVITIES': 4.1004252433776855, 'N_ADMINISTRATIVE AND SUPPORT SERVICE ACTIVITIES': 0.8676128387451172, 'G_WHOLESALE AND RETAIL TRADE; REPAIR OF MOTOR VEHICLES AND MOTORCYCLES': 0.7569902539253235, 'H_TRANSPORTATION AND STORAGE': -0.6035236120223999, 'L_REAL ESTATE ACTIVITIES': -0.8386913537979126, 'I_ACCOMMODATION AND FOOD SERVICE ACTIVITIES': -0.8718221187591553, 'F_CONSTRUCTION': -0.8892603516578674, 'Q_HUMAN HEALTH AND SOCIAL WORK ACTIVITIES': -1.1104891300201416, 'M_PROFESSIONAL, SCIENTIFIC AND TECHNICAL ACTIVITIES': -1.1253199577331543, 'D_ELECTRICITY, GAS, STEAM AND AIR CONDITIONING SUPPLY': -1.1372307538986206, 'E_WATER SUPPLY; SEWERAGE, WASTE MANAGEMENT AND REMEDIATION ACTIVITIES': -1.7181752920150757, 'B_MINING AND QUARRYING': -2.165963649749756, 'P_EDUCATION': -2.291041135787964, 'A_AGRICULTURE, FORESTRY AND FISHING': -2.578653335571289, 'C_MANUFACTURING': -3.249124050140381, 'J_INFORMATION AND COMMUNICATION': -3.781400680541992}",K
52,BASF SE1.txt,27.2,Manufacture of batteries and accumulators,C,6.0,16,"{'G_WHOLESALE AND RETAIL TRADE; REPAIR OF MOTOR VEHICLES AND MOTORCYCLES': 2.0650620460510254, 'D_ELECTRICITY, GAS, STEAM AND AIR CONDITIONING SUPPLY': 0.7575358152389526, 'K_FINANCIAL AND INSURANCE ACTIVITIES': 0.21825142204761505, 'Q_HUMAN HEALTH AND SOCIAL WORK ACTIVITIES': -0.23259828984737396, 'H_TRANSPORTATION AND STORAGE': -0.426792711019516, 'F_CONSTRUCTION': -0.4356626272201538, 'C_MANUFACTURING': -0.6789540648460388, 'N_ADMINISTRATIVE AND SUPPORT SERVICE ACTIVITIES': -0.8522285223007202, 'E_WATER SUPPLY; SEWERAGE, WASTE MANAGEMENT AND REMEDIATION ACTIVITIES': -1.304020643234253, 'P_EDUCATION': -1.4435241222381592, 'M_PROFESSIONAL, SCIENTIFIC AND TECHNICAL ACTIVITIES': -1.6309640407562256, 'I_ACCOMMODATION AND FOOD SERVICE ACTIVITIES': -1.6965866088867188, 'B_MINING AND QUARRYING': -1.8439499139785767, 'L_REAL ESTATE ACTIVITIES': -1.9840599298477173, 'A_AGRICULTURE, FORESTRY AND FISHING': -2.1267776489257812, 'J_INFORMATION AND COMMUNICATION': -3.215613842010498}",G
53,Rubis SCA3.txt,46.71,"Wholesale of solid, liquid and gaseous fuels and related products",G,1.0,16,"{'K_FINANCIAL AND INSURANCE ACTIVITIES': 2.2646994590759277, 'G_WHOLESALE AND RETAIL TRADE; REPAIR OF MOTOR VEHICLES AND MOTORCYCLES': 0.675040602684021, 'N_ADMINISTRATIVE AND SUPPORT SERVICE ACTIVITIES': 0.6147040724754333, 'H_TRANSPORTATION AND STORAGE': -0.1413828283548355, 'D_ELECTRICITY, GAS, STEAM AND AIR CONDITIONING SUPPLY': -0.5013095736503601, 'I_ACCOMMODATION AND FOOD SERVICE ACTIVITIES': -0.6665873527526855, 'F_CONSTRUCTION': -0.9782033562660217, 'E_WATER SUPPLY; SEWERAGE, WASTE MANAGEMENT AND REMEDIATION ACTIVITIES': -1.1761590242385864, 'M_PROFESSIONAL, SCIENTIFIC AND TECHNICAL ACTIVITIES': -1.2893469333648682, 'L_REAL ESTATE ACTIVITIES': -1.3520143032073975, 'Q_HUMAN HEALTH AND SOCIAL WORK ACTIVITIES': -1.5104767084121704, 'B_MINING AND QUARRYING': -2.053607702255249, 'P_EDUCATION': -2.338336706161499, 'C_MANUFACTURING': -2.370216131210327, 'A_AGRICULTURE, FORESTRY AND FISHING': -2.430525779724121, 'J_INFORMATION AND COMMUNICATION': -3.343160629272461}",K
54,Allfunds Group plc1.txt,66.11,Administration of financial markets,K,0.0,16,"{'K_FINANCIAL AND INSURANCE ACTIVITIES': 2.9953482151031494, 'N_ADMINISTRATIVE AND SUPPORT SERVICE ACTIVITIES': 1.119816780090332, 'M_PROFESSIONAL, SCIENTIFIC AND TECHNICAL ACTIVITIES': 0.3510451316833496, 'G_WHOLESALE AND RETAIL TRADE; REPAIR OF MOTOR VEHICLES AND MOTORCYCLES': -0.09465140104293823, 'I_ACCOMMODATION AND FOOD SERVICE ACTIVITIES': -0.607691764831543, 'L_REAL ESTATE ACTIVITIES': -1.2932254076004028, 'H_TRANSPORTATION AND STORAGE': -1.298844575881958, 'E_WATER SUPPLY; SEWERAGE, WASTE MANAGEMENT AND REMEDIATION ACTIVITIES': -1.3267977237701416, 'F_CONSTRUCTION': -1.3535778522491455, 'D_ELECTRICITY, GAS, STEAM AND AIR CONDITIONING SUPPLY': -1.4069808721542358, 'Q_HUMAN HEALTH AND SOCIAL WORK ACTIVITIES': -1.6005278825759888, 'P_EDUCATION': -2.118764877319336, 'B_MINING AND QUARRYING': -2.2355268001556396, 'A_AGRICULTURE, FORESTRY AND FISHING': -2.293362617492676, 'J_INFORMATION AND COMMUNICATION': -2.6504337787628174, 'C_MANUFACTURING': -2.72983980178833}",K
55,Vistry Group PLC3.txt,41.2,Construction of residential and non-residential buildings,F,1.0,16,"{'K_FINANCIAL AND INSURANCE ACTIVITIES': 1.4883549213409424, 'F_CONSTRUCTION': 1.3809211254119873, 'N_ADMINISTRATIVE AND SUPPORT SERVICE ACTIVITIES': 0.9236159920692444, 'G_WHOLESALE AND RETAIL TRADE; REPAIR OF MOTOR VEHICLES AND MOTORCYCLES': 0.6270484328269958, 'L_REAL ESTATE ACTIVITIES': -0.5188204050064087, 'H_TRANSPORTATION AND STORAGE': -0.6007590889930725, 'I_ACCOMMODATION AND FOOD SERVICE ACTIVITIES': -0.7423397302627563, 'M_PROFESSIONAL, SCIENTIFIC AND TECHNICAL ACTIVITIES': -1.0239390134811401, 'E_WATER SUPPLY; SEWERAGE, WASTE MANAGEMENT AND REMEDIATION ACTIVITIES': -1.4132187366485596, 'D_ELECTRICITY, GAS, STEAM AND AIR CONDITIONING SUPPLY': -1.563799262046814, 'Q_HUMAN HEALTH AND SOCIAL WORK ACTIVITIES': -2.0160272121429443, 'P_EDUCATION': -2.177588939666748, 'B_MINING AND QUARRYING': -2.3502063751220703, 'C_MANUFACTURING': -2.5450963973999023, 'A_AGRICULTURE, FORESTRY AND FISHING': -3.0369813442230225, 'J_INFORMATION AND COMMUNICATION': -3.3163537979125977}",K
56,British American Tobacco p.l.c.1.txt,12.0,Manufacture of tobacco products,C,13.0,16,"{'K_FINANCIAL AND INSURANCE ACTIVITIES': 2.551095962524414, 'G_WHOLESALE AND RETAIL TRADE; REPAIR OF MOTOR VEHICLES AND MOTORCYCLES': 1.7745107412338257, 'N_ADMINISTRATIVE AND SUPPORT SERVICE ACTIVITIES': 1.1294562816619873, 'I_ACCOMMODATION AND FOOD SERVICE ACTIVITIES': -0.39492231607437134, 'H_TRANSPORTATION AND STORAGE': -0.7025142908096313, 'Q_HUMAN HEALTH AND SOCIAL WORK ACTIVITIES': -0.9961501955986023, 'L_REAL ESTATE ACTIVITIES': -1.2387304306030273, 'M_PROFESSIONAL, SCIENTIFIC AND TECHNICAL ACTIVITIES': -1.4954276084899902, 'F_CONSTRUCTION': -1.539861798286438, 'D_ELECTRICITY, GAS, STEAM AND AIR CONDITIONING SUPPLY': -1.5782599449157715, 'E_WATER SUPPLY; SEWERAGE, WASTE MANAGEMENT AND REMEDIATION ACTIVITIES': -1.7142277956008911, 'P_EDUCATION': -2.0053811073303223, 'A_AGRICULTURE, FORESTRY AND FISHING': -2.247966766357422, 'C_MANUFACTURING': -2.4604103565216064, 'B_MINING AND QUARRYING': -2.5722732543945312, 'J_INFORMATION AND COMMUNICATION': -3.5895395278930664}",K
57,Renault SA3.txt,29.2,Manufacture of bodies (coachwork) for motor vehicles; manufacture of trailers and semi-trailers,C,5.0,16,"{'G_WHOLESALE AND RETAIL TRADE; REPAIR OF MOTOR VEHICLES AND MOTORCYCLES': 1.4824774265289307, 'K_FINANCIAL AND INSURANCE ACTIVITIES': 1.2185560464859009, 'N_ADMINISTRATIVE AND SUPPORT SERVICE ACTIVITIES': 0.9131346344947815, 'H_TRANSPORTATION AND STORAGE': -0.7807544469833374, 'M_PROFESSIONAL, SCIENTIFIC AND TECHNICAL ACTIVITIES': -0.9671702980995178, 'C_MANUFACTURING': -1.0606759786605835, 'D_ELECTRICITY, GAS, STEAM AND AIR CONDITIONING SUPPLY': -1.0868529081344604, 'I_ACCOMMODATION AND FOOD SERVICE ACTIVITIES': -1.1018131971359253, 'F_CONSTRUCTION': -1.1913933753967285, 'E_WATER SUPPLY; SEWERAGE, WASTE MANAGEMENT AND REMEDIATION ACTIVITIES': -1.282494306564331, 'Q_HUMAN HEALTH AND SOCIAL WORK ACTIVITIES': -1.536285161972046, 'P_EDUCATION': -1.9622995853424072, 'L_REAL ESTATE ACTIVITIES': -2.2884130477905273, 'B_MINING AND QUARRYING': -2.397982358932495, 'A_AGRICULTURE, FORESTRY AND FISHING': -2.5303003787994385, 'J_INFORMATION AND COMMUNICATION': -3.327603816986084}",G
58,Antofagasta plc1.txt,07.29,Mining of other non-ferrous metal ores,B,2.0,16,"{'K_FINANCIAL AND INSURANCE ACTIVITIES': 1.757309079170227, 'N_ADMINISTRATIVE AND SUPPORT SERVICE ACTIVITIES': 0.367522269487381, 'B_MINING AND QUARRYING': 0.3351839482784271, 'G_WHOLESALE AND RETAIL TRADE; REPAIR OF MOTOR VEHICLES AND MOTORCYCLES': -0.0889473408460617, 'D_ELECTRICITY, GAS, STEAM AND AIR CONDITIONING SUPPLY': -0.3853466510772705, 'F_CONSTRUCTION': -0.5771951079368591, 'E_WATER SUPPLY; SEWERAGE, WASTE MANAGEMENT AND REMEDIATION ACTIVITIES': -0.7894590497016907, 'H_TRANSPORTATION AND STORAGE': -0.8441846370697021, 'M_PROFESSIONAL, SCIENTIFIC AND TECHNICAL ACTIVITIES': -0.870270848274231, 'I_ACCOMMODATION AND FOOD SERVICE ACTIVITIES': -1.1732157468795776, 'C_MANUFACTURING': -1.7783029079437256, 'L_REAL ESTATE ACTIVITIES': -2.1183502674102783, 'A_AGRICULTURE, FORESTRY AND FISHING': -2.143799066543579, 'Q_HUMAN HEALTH AND SOCIAL WORK ACTIVITIES': -2.290372133255005, 'P_EDUCATION': -2.971825361251831, 'J_INFORMATION AND COMMUNICATION': -4.100357532501221}",K
59,Elis - 2022 financial statements.txt,96.01,Washing and (dry-)cleaning of textile and fur products,S,,16,"{'K_FINANCIAL AND INSURANCE ACTIVITIES': 3.206669569015503, 'N_ADMINISTRATIVE AND SUPPORT SERVICE ACTIVITIES': 1.1520799398422241, 'G_WHOLESALE AND RETAIL TRADE; REPAIR OF MOTOR VEHICLES AND MOTORCYCLES': 1.1166043281555176, 'I_ACCOMMODATION AND FOOD SERVICE ACTIVITIES': -0.004942083265632391, 'H_TRANSPORTATION AND STORAGE': -0.43340441584587097, 'L_REAL ESTATE ACTIVITIES': -0.8687877655029297, 'F_CONSTRUCTION': -1.249252200126648, 'D_ELECTRICITY, GAS, STEAM AND AIR CONDITIONING SUPPLY': -1.4493639469146729, 'Q_HUMAN HEALTH AND SOCIAL WORK ACTIVITIES': -1.4827778339385986, 'E_WATER SUPPLY; SEWERAGE, WASTE MANAGEMENT AND REMEDIATION ACTIVITIES': -1.508527398109436, 'M_PROFESSIONAL, SCIENTIFIC AND TECHNICAL ACTIVITIES': -1.7071524858474731, 'P_EDUCATION': -2.2573482990264893, 'B_MINING AND QUARRYING': -2.4500651359558105, 'A_AGRICULTURE, FORESTRY AND FISHING': -2.497513771057129, 'C_MANUFACTURING': -2.963250160217285, 'J_INFORMATION AND COMMUNICATION': -3.6077797412872314}",K
60,Heidelberg Materials AG1.txt,23.51,Manufacture of cement,C,9.0,16,"{'K_FINANCIAL AND INSURANCE ACTIVITIES': 1.5525784492492676, 'G_WHOLESALE AND RETAIL TRADE; REPAIR OF MOTOR VEHICLES AND MOTORCYCLES': 0.7427762746810913, 'N_ADMINISTRATIVE AND SUPPORT SERVICE ACTIVITIES': 0.5753800868988037, 'F_CONSTRUCTION': -0.18101629614830017, 'H_TRANSPORTATION AND STORAGE': -0.7131262421607971, 'M_PROFESSIONAL, SCIENTIFIC AND TECHNICAL ACTIVITIES': -0.8061028718948364, 'E_WATER SUPPLY; SEWERAGE, WASTE MANAGEMENT AND REMEDIATION ACTIVITIES': -0.9279124736785889, 'D_ELECTRICITY, GAS, STEAM AND AIR CONDITIONING SUPPLY': -1.0030056238174438, 'I_ACCOMMODATION AND FOOD SERVICE ACTIVITIES': -1.2230037450790405, 'C_MANUFACTURING': -1.3014341592788696, 'L_REAL ESTATE ACTIVITIES': -1.7000749111175537, 'B_MINING AND QUARRYING': -1.7055854797363281, 'Q_HUMAN HEALTH AND SOCIAL WORK ACTIVITIES': -1.9026107788085938, 'P_EDUCATION': -2.2180488109588623, 'A_AGRICULTURE, FORESTRY AND FISHING': -2.3400719165802, 'J_INFORMATION AND COMMUNICATION': -3.4659104347229004}",K
61,Neste Corporation2.txt,19.2,Manufacture of refined petroleum products,C,9.0,16,"{'K_FINANCIAL AND INSURANCE ACTIVITIES': 1.4685790538787842, 'G_WHOLESALE AND RETAIL TRADE; REPAIR OF MOTOR VEHICLES AND MOTORCYCLES': 0.8786518573760986, 'N_ADMINISTRATIVE AND SUPPORT SERVICE ACTIVITIES': 0.12593674659729004, 'D_ELECTRICITY, GAS, STEAM AND AIR CONDITIONING SUPPLY': 0.05853923782706261, 'H_TRANSPORTATION AND STORAGE': -0.5535884499549866, 'E_WATER SUPPLY; SEWERAGE, WASTE MANAGEMENT AND REMEDIATION ACTIVITIES': -0.5963762402534485, 'F_CONSTRUCTION': -0.9371784329414368, 'B_MINING AND QUARRYING': -0.9747670888900757, 'I_ACCOMMODATION AND FOOD SERVICE ACTIVITIES': -1.2368459701538086, 'C_MANUFACTURING': -1.4173702001571655, 'M_PROFESSIONAL, SCIENTIFIC AND TECHNICAL ACTIVITIES': -1.5294291973114014, 'Q_HUMAN HEALTH AND SOCIAL WORK ACTIVITIES': -1.8665015697479248, 'A_AGRICULTURE, FORESTRY AND FISHING': -2.101121187210083, 'L_REAL ESTATE ACTIVITIES': -2.2309882640838623, 'P_EDUCATION': -2.7179861068725586, 'J_INFORMATION AND COMMUNICATION': -3.808300733566284}",K
62,Temenos AG1.txt,58.29,Other software publishing,J,14.0,16,"{'K_FINANCIAL AND INSURANCE ACTIVITIES': 2.7734572887420654, 'N_ADMINISTRATIVE AND SUPPORT SERVICE ACTIVITIES': 1.3299015760421753, 'G_WHOLESALE AND RETAIL TRADE; REPAIR OF MOTOR VEHICLES AND MOTORCYCLES': 0.43329760432243347, 'M_PROFESSIONAL, SCIENTIFIC AND TECHNICAL ACTIVITIES': -0.15011350810527802, 'I_ACCOMMODATION AND FOOD SERVICE ACTIVITIES': -0.3207654654979706, 'Q_HUMAN HEALTH AND SOCIAL WORK ACTIVITIES': -1.1354788541793823, 'H_TRANSPORTATION AND STORAGE': -1.1740319728851318, 'L_REAL ESTATE ACTIVITIES': -1.3270624876022339, 'F_CONSTRUCTION': -1.3349825143814087, 'D_ELECTRICITY, GAS, STEAM AND AIR CONDITIONING SUPPLY': -1.5825457572937012, 'P_EDUCATION': -1.8345599174499512, 'E_WATER SUPPLY; SEWERAGE, WASTE MANAGEMENT AND REMEDIATION ACTIVITIES': -1.843231439590454, 'B_MINING AND QUARRYING': -2.5521159172058105, 'A_AGRICULTURE, FORESTRY AND FISHING': -2.6269209384918213, 'J_INFORMATION AND COMMUNICATION': -2.9057974815368652, 'C_MANUFACTURING': -2.961916923522949}",K
63,Partners Group Holding AG1.txt,66.3,Fund management activities,K,0.0,16,"{'K_FINANCIAL AND INSURANCE ACTIVITIES': 4.147218704223633, 'N_ADMINISTRATIVE AND SUPPORT SERVICE ACTIVITIES': 2.1950814723968506, 'G_WHOLESALE AND RETAIL TRADE; REPAIR OF MOTOR VEHICLES AND MOTORCYCLES': 0.8067442774772644, 'I_ACCOMMODATION AND FOOD SERVICE ACTIVITIES': -0.17096176743507385, 'L_REAL ESTATE ACTIVITIES': -0.7450406551361084, 'H_TRANSPORTATION AND STORAGE': -0.79414302110672, 'Q_HUMAN HEALTH AND SOCIAL WORK ACTIVITIES': -0.8886785507202148, 'M_PROFESSIONAL, SCIENTIFIC AND TECHNICAL ACTIVITIES': -1.0152952671051025, 'F_CONSTRUCTION': -1.584934949874878, 'E_WATER SUPPLY; SEWERAGE, WASTE MANAGEMENT AND REMEDIATION ACTIVITIES': -1.8229979276657104, 'D_ELECTRICITY, GAS, STEAM AND AIR CONDITIONING SUPPLY': -1.8838472366333008, 'P_EDUCATION': -2.0297203063964844, 'B_MINING AND QUARRYING': -2.428112268447876, 'A_AGRICULTURE, FORESTRY AND FISHING': -2.572920322418213, 'J_INFORMATION AND COMMUNICATION': -3.4928290843963623, 'C_MANUFACTURING': -3.5126256942749023}",K
64,Siemens Aktiengesellschaft2.txt,28.29,Manufacture of other general-purpose machinery n.e.c.,C,12.0,16,"{'K_FINANCIAL AND INSURANCE ACTIVITIES': 1.595495343208313, 'D_ELECTRICITY, GAS, STEAM AND AIR CONDITIONING SUPPLY': 0.3576631546020508, 'G_WHOLESALE AND RETAIL TRADE; REPAIR OF MOTOR VEHICLES AND MOTORCYCLES': 0.2953822612762451, 'N_ADMINISTRATIVE AND SUPPORT SERVICE ACTIVITIES': 0.18346360325813293, 'F_CONSTRUCTION': -0.5020783543586731, 'M_PROFESSIONAL, SCIENTIFIC AND TECHNICAL ACTIVITIES': -0.8279302716255188, 'H_TRANSPORTATION AND STORAGE': -0.8285062313079834, 'I_ACCOMMODATION AND FOOD SERVICE ACTIVITIES': -1.1736737489700317, 'E_WATER SUPPLY; SEWERAGE, WASTE MANAGEMENT AND REMEDIATION ACTIVITIES': -1.318572998046875, 'Q_HUMAN HEALTH AND SOCIAL WORK ACTIVITIES': -1.5381300449371338, 'L_REAL ESTATE ACTIVITIES': -1.7495406866073608, 'B_MINING AND QUARRYING': -1.9136841297149658, 'C_MANUFACTURING': -2.1056628227233887, 'P_EDUCATION': -2.1928904056549072, 'A_AGRICULTURE, FORESTRY AND FISHING': -2.620697498321533, 'J_INFORMATION AND COMMUNICATION': -3.133439540863037}",K
65,Tesco PLC1.txt,47.11,"Retail sale in non-specialised stores with food, beverages or tobacco predominating",G,2.0,16,"{'K_FINANCIAL AND INSURANCE ACTIVITIES': 3.210439682006836, 'N_ADMINISTRATIVE AND SUPPORT SERVICE ACTIVITIES': 1.5687631368637085, 'G_WHOLESALE AND RETAIL TRADE; REPAIR OF MOTOR VEHICLES AND MOTORCYCLES': 0.982647716999054, 'I_ACCOMMODATION AND FOOD SERVICE ACTIVITIES': 0.17060056328773499, 'H_TRANSPORTATION AND STORAGE': -0.10774553567171097, 'L_REAL ESTATE ACTIVITIES': -0.9314208030700684, 'M_PROFESSIONAL, SCIENTIFIC AND TECHNICAL ACTIVITIES': -1.4089552164077759, 'F_CONSTRUCTION': -1.423904299736023, 'Q_HUMAN HEALTH AND SOCIAL WORK ACTIVITIES': -1.6611794233322144, 'E_WATER SUPPLY; SEWERAGE, WASTE MANAGEMENT AND REMEDIATION ACTIVITIES': -1.7532519102096558, 'D_ELECTRICITY, GAS, STEAM AND AIR CONDITIONING SUPPLY': -1.79239821434021, 'P_EDUCATION': -2.396381139755249, 'B_MINING AND QUARRYING': -2.5422205924987793, 'A_AGRICULTURE, FORESTRY AND FISHING': -2.6155686378479004, 'C_MANUFACTURING': -3.0232958793640137, 'J_INFORMATION AND COMMUNICATION': -3.544825792312622}",K
66,Hera S.p.A.1.txt,35.11,Production of electricity,D,1.0,16,"{'K_FINANCIAL AND INSURANCE ACTIVITIES': 2.4282338619232178, 'D_ELECTRICITY, GAS, STEAM AND AIR CONDITIONING SUPPLY': 0.8499556183815002, 'N_ADMINISTRATIVE AND SUPPORT SERVICE ACTIVITIES': 0.054769136011600494, 'G_WHOLESALE AND RETAIL TRADE; REPAIR OF MOTOR VEHICLES AND MOTORCYCLES': 0.036228835582733154, 'F_CONSTRUCTION': -0.6841301918029785, 'E_WATER SUPPLY; SEWERAGE, WASTE MANAGEMENT AND REMEDIATION ACTIVITIES': -0.7384621500968933, 'H_TRANSPORTATION AND STORAGE': -0.7422527074813843, 'I_ACCOMMODATION AND FOOD SERVICE ACTIVITIES': -1.1988105773925781, 'L_REAL ESTATE ACTIVITIES': -1.257407784461975, 'M_PROFESSIONAL, SCIENTIFIC AND TECHNICAL ACTIVITIES': -1.3870490789413452, 'Q_HUMAN HEALTH AND SOCIAL WORK ACTIVITIES': -1.4407360553741455, 'B_MINING AND QUARRYING': -1.7423439025878906, 'A_AGRICULTURE, FORESTRY AND FISHING': -2.5044054985046387, 'P_EDUCATION': -2.5960185527801514, 'C_MANUFACTURING': -2.701158046722412, 'J_INFORMATION AND COMMUNICATION': -3.573777198791504}",K
67,Just Eat Takeaway.com N.V.1.txt,53.2,Other postal and courier activities,H,4.0,16,"{'K_FINANCIAL AND INSURANCE ACTIVITIES': 2.2825825214385986, 'I_ACCOMMODATION AND FOOD SERVICE ACTIVITIES': 1.6706838607788086, 'N_ADMINISTRATIVE AND SUPPORT SERVICE ACTIVITIES': 1.3958255052566528, 'G_WHOLESALE AND RETAIL TRADE; REPAIR OF MOTOR VEHICLES AND MOTORCYCLES': 1.1553504467010498, 'H_TRANSPORTATION AND STORAGE': -0.3813433349132538, 'L_REAL ESTATE ACTIVITIES': -0.9999209642410278, 'Q_HUMAN HEALTH AND SOCIAL WORK ACTIVITIES': -1.5533363819122314, 'F_CONSTRUCTION': -1.7393110990524292, 'M_PROFESSIONAL, SCIENTIFIC AND TECHNICAL ACTIVITIES': -1.7485798597335815, 'P_EDUCATION': -1.7951959371566772, 'D_ELECTRICITY, GAS, STEAM AND AIR CONDITIONING SUPPLY': -2.0842792987823486, 'E_WATER SUPPLY; SEWERAGE, WASTE MANAGEMENT AND REMEDIATION ACTIVITIES': -2.379995107650757, 'A_AGRICULTURE, FORESTRY AND FISHING': -2.7510671615600586, 'B_MINING AND QUARRYING': -2.856168508529663, 'C_MANUFACTURING': -2.9971959590911865, 'J_INFORMATION AND COMMUNICATION': -3.274458646774292}",K
