,CODE,NAME,TOPICS,LVL_1_CODE
0,05.10,Mining of hard coal,"1. CoalTech Inc. operates an underground hard coal mining business model that integrates cleaning, sizing, and grading processes to improve the quality of extracted coal for transportation and storage.

2. CarbonCorp focuses on surface mining of hard coal using advanced liquefaction methods, enabling efficient extraction and processing for industrial clients.

3. CoalRevival specializes in recovering hard coal from culm banks, utilizing innovative technologies to classify, compress, and market reclaimed coal as a supplementary energy source.

4. EnergyPit Ltd. employs a combined underground and surface mining approach to extract hard coal, offering pulverizing services to facilitate transportation and meet customer requirements.

5. BlackRock Mining Inc. develops and operates its own coal mines, while also providing contract mining services for other companies, including cleaning, grading, and compressing coal to enhance quality and market value.
1. Arch Coal's business model involves surface and underground mining of hard coal, as well as cleaning, sizing, and grading to produce high-quality coal for industrial customers, while also recovering coal from culm banks to maximize resource utilization.
1. Contura Energy's business model involves surface and underground mining of hard coal, followed by cleaning, sizing, and grading to improve quality, before selling the coal to utility companies and industrial customers for electricity generation and steel production.

2. Arch Resources' business model focuses on underground mining of high-quality metallurgical coal, which is then pulverized and compressed for transportation to steel mills and other industrial customers, generating revenue through long-term supply contracts.

3. Peabody Energy's business model encompasses surface mining of hard coal, recovery from culm banks, and processing to improve quality, before selling the coal to power generators and industrial users, with a focus on cost reduction and operational efficiency.",B
